"captured_at","fps","render_fps","entity_count","entity_process_hz","entity_scan_hz","entity_publish_hz","entity_publish_age_ms","entity_publish_count","scan_loop_hz","scan_due_hz","scan_started_hz","scan_completed_hz","scan_failed_count","scan_publish_attempt_count","scan_publish_success_count","scan_skip_pending_count","scan_skip_not_due_count","scan_skip_stable_topology_count","scan_overwritten_count","scan_get_ow_entities_ms","scan_max_get_ow_entities_ms","scan_max_get_ow_entities_generation","scan_max_get_ow_entities_records","scan_max_get_ow_entities_pairs","scan_max_record_build_ms","scan_max_match_link_ms","scan_max_cn_ne_target_map_ms","scan_max_component_only_validation_ms","scan_max_dma_reads_delta","scan_max_dma_fail_delta","scan_max_dma_range_diag_enabled","scan_max_dma_range_reads","scan_max_dma_range_failed","scan_max_dma_range_max_latency_us","scan_max_dma_range_max_callsite","scan_max_dma_range_root_max_us","scan_max_dma_range_list_read_max_us","scan_max_dma_range_record_header_max_us","scan_max_dma_range_record_pool_id_max_us","scan_max_dma_range_target_map_max_us","scan_max_dma_range_component_validation_max_us","scan_max_dma_range_viewmatrix_max_us","scan_max_cn_ne_entity_list_root_cache_hit_count","scan_max_cn_ne_entity_list_root_cache_read_count","scan_max_cn_ne_entity_list_root_cache_store_count","scan_max_cn_ne_entity_list_root_cache_expired_count","scan_max_list_read_skipped_count","scan_max_cn_ne_entity_list_read_negative_cache_hit_count","scan_max_cn_ne_entity_list_read_negative_cache_store_count","scan_max_cn_ne_entity_list_read_negative_cache_expired_count","scan_max_record_match_id_direct_read_count","scan_max_record_match_id_direct_zero_count","scan_max_record_match_id_header_hit_count","scan_max_record_match_id_header_miss_count","scan_max_record_match_id_header_match_count","scan_max_record_match_id_header_mismatch_count","scan_max_record_match_id_header_use_count","scan_max_persistent_refresh_count","scan_max_persistent_stale_hit_count","scan_result_raw_count","scan_pending_age_ms","scan_generation","scan_cold_topology_enabled","scan_topology_rescan_request_count","scan_topology_count_probe_count","scan_topology_count_probe_change_count","scan_topology_candidate_count","scan_root_ms","scan_list_read_ms","scan_slot_walk_ms","scan_record_build_ms","scan_match_link_ms","scan_cn_ne_target_map_ms","scan_cn_ne_self_validation_ms","scan_component_only_validation_ms","scan_dynamic_pair_ms","scan_finalize_ms","scan_dma_reads_delta","scan_dma_fail_delta","scan_dma_range_diag_enabled","scan_dma_range_reads","scan_dma_range_failed","scan_dma_range_max_latency_us","scan_dma_range_max_callsite","scan_dma_range_root_max_us","scan_dma_range_list_read_max_us","scan_dma_range_record_header_max_us","scan_dma_range_record_pool_id_max_us","scan_dma_range_target_map_max_us","scan_dma_range_component_validation_max_us","scan_dma_range_viewmatrix_max_us","scan_list_read_count","scan_list_read_fail_count","scan_list_fallback_read_count","scan_list_read_skipped_count","scan_record_add_attempt_count","scan_record_duplicate_count","scan_record_header_read_count","scan_record_header_fail_count","scan_record_remote_fallback_read_count","scan_record_match_id_direct_read_count","scan_record_match_id_direct_zero_count","scan_record_match_id_header_hit_count","scan_record_match_id_header_miss_count","scan_record_match_id_header_match_count","scan_record_match_id_header_mismatch_count","scan_record_match_id_header_use_count","scan_cn_ne_record_match_id_from_header_enabled","scan_cn_ne_entity_list_root_cache_enabled","scan_cn_ne_entity_list_root_cache_ttl_ms","scan_cn_ne_entity_list_root_cache_hit_count","scan_cn_ne_entity_list_root_cache_read_count","scan_cn_ne_entity_list_root_cache_store_count","scan_cn_ne_entity_list_root_cache_expired_count","scan_cn_ne_entity_list_read_negative_cache_enabled","scan_cn_ne_entity_list_read_negative_cache_ttl_ms","scan_cn_ne_entity_list_read_negative_cache_lookup_count","scan_cn_ne_entity_list_read_negative_cache_hit_count","scan_cn_ne_entity_list_read_negative_cache_store_count","scan_cn_ne_entity_list_read_negative_cache_expired_count","scan_cn_ne_record_snapshot_cache_enabled","scan_cn_ne_record_snapshot_cache_ttl_ms","scan_cn_ne_record_snapshot_cache_lookup_count","scan_cn_ne_record_snapshot_cache_hit_count","scan_cn_ne_record_snapshot_cache_store_count","scan_cn_ne_record_snapshot_cache_expired_count","scan_cn_ne_record_snapshot_cache_refresh_budget","scan_cn_ne_record_snapshot_cache_refresh_count","scan_cn_ne_record_snapshot_cache_stale_hit_count","scan_pool_id_read_count","scan_match_lookup_count","scan_match_lookup_hit_count","scan_add_pair_attempt_count","scan_add_pair_duplicate_count","scan_link_decrypt_attempt_count","scan_link_decrypt_success_count","scan_playable_validation_attempt_count","scan_playable_validation_success_count","scan_cn_ne_map_candidate_count","scan_cn_ne_target_map_attempt_count","scan_cn_ne_target_map_success_count","scan_cn_ne_bucket_entry_scan_count","scan_cn_ne_map_candidate_cache_enabled","scan_cn_ne_map_candidate_cache_lookup_count","scan_cn_ne_map_candidate_cache_hit_count","scan_cn_ne_map_candidate_cache_miss_count","scan_cn_ne_map_candidate_persistent_cache_enabled","scan_cn_ne_map_candidate_persistent_cache_ttl_ms","scan_cn_ne_map_candidate_persistent_cache_lookup_count","scan_cn_ne_map_candidate_persistent_cache_hit_count","scan_cn_ne_map_candidate_persistent_cache_miss_count","scan_cn_ne_map_candidate_persistent_cache_store_count","scan_cn_ne_map_candidate_persistent_cache_expired_count","scan_cn_ne_map_candidate_persistent_cache_refresh_budget","scan_cn_ne_map_candidate_persistent_cache_refresh_count","scan_cn_ne_map_candidate_persistent_cache_stale_hit_count","scan_cn_ne_component_negative_cache_enabled","scan_cn_ne_component_negative_cache_ttl_ms","scan_cn_ne_component_negative_cache_lookup_count","scan_cn_ne_component_negative_cache_hit_count","scan_cn_ne_component_negative_cache_store_count","scan_cn_ne_component_negative_cache_expired_count","scan_cn_ne_component_negative_cache_refresh_budget","scan_cn_ne_component_negative_cache_refresh_count","scan_cn_ne_component_negative_cache_stale_hit_count","scan_cn_ne_map_diag_enabled","scan_cn_ne_map_candidate_parent_lookup_count","scan_cn_ne_map_candidate_unique_parent_count","scan_cn_ne_map_candidate_duplicate_parent_count","scan_cn_ne_map_candidate_direct_source_count","scan_cn_ne_map_candidate_plus8_source_count","scan_cn_ne_map_candidate_wrapper_source_count","scan_component_only_validation_attempt_count","scan_component_only_validation_success_count","scan_detail_records","scan_detail_total_pairs","scan_light_scan_enabled","scan_light_unvalidated_pairs","scan_light_cap_hits","entity_cycle_ms","entity_cycle_dma_reads_delta","entity_cycle_dma_fail_delta","phase_begin_frame_ms","phase_consume_scan_ms","phase_previous_snapshot_copy_ms","phase_prefetch_ms","phase_previous_index_ms","phase_hot_scatter_prepare_ms","phase_hot_scatter_execute_ms","phase_base_cache_ms","phase_base_decrypt_ms","phase_health_ms","phase_hero_ms","phase_visibility_ms","phase_skeleton_ms","phase_skeleton_velocity_read_ms","phase_skeleton_cache_call_ms","phase_skill_ms","phase_team_name_ms","phase_team_name_hero_lookup_ms","phase_team_name_bot_adjust_ms","phase_team_name_battle_tag_ms","phase_team_name_team_read_ms","phase_local_select_ms","phase_publish_ms","phase_record_sync_ms","phase_entity_loop_wall_ms","phase_entity_loop_setup_ms","phase_entity_header_special_ms","phase_entity_header_component_ms","phase_entity_header_link_ms","phase_entity_special_probe_ms","phase_entity_cache_apply_ms","phase_entity_cache_match_id_ms","phase_entity_cache_record_update_ms","phase_entity_hot_fields_ms","phase_entity_rotation_position_ms","phase_entity_loop_gap_ms","phase_cycle_gap_ms","hot_scatter_requested_count","hot_scatter_prepare_requested_count","hot_scatter_prepare_success_count","hot_scatter_prepare_fail_count","hot_scatter_execute_count","hot_scatter_execute_fail_count","hot_scatter_bytes_requested","hot_scatter_bytes_read","hot_scatter_short_read_count","hot_scatter_batch_items","hot_scatter_batch_requests","hot_scatter_estimated_unique_pages","hot_scatter_success_count","hot_scatter_partial_count","hot_scatter_fallback_read_count","visibility_scatter_hit_count","base_cache_hit_count","base_cache_miss_count","base_decrypt_attempt_count","base_decrypt_success_count","base_decrypt_fail_count","base_decrypt_slow_call_count","base_decrypt_fallback_attempt_count","base_decrypt_fallback_success_count","base_decrypt_fallback_fail_count","base_decrypt_unique_key_count","base_decrypt_duplicate_key_count","base_decrypt_max_duplicate_key_count","base_decrypt_max_duplicate_key_type","base_decrypt_max_duplicate_key_parent","base_decrypt_max_call_ms","base_decrypt_max_call_type","base_decrypt_max_call_parent","base_decrypt_max_call_success","team_name_slow_call_count","team_name_max_call_ms","team_name_max_call_op","team_name_max_call_hero_id","team_name_max_call_link_base","team_name_max_call_team_base","team_name_max_call_success","skeleton_cache_hit_count","skeleton_cache_miss_count","skeleton_block_read_bytes","skeleton_slow_call_count","skeleton_max_call_ms","skeleton_max_call_op","skeleton_max_call_hero_id","skeleton_max_call_entity","skeleton_max_call_bone_base","skeleton_max_call_velocity_base","skeleton_max_call_velocity_bone_data","skeleton_max_call_cache_hit","skeleton_max_call_cache_valid","skeleton_max_call_fallback","skeleton_max_call_max_mapped_index","skeleton_max_call_success","skeleton_fallback_get_bone_pos_count","visibility_fallback_count","skill_due_count","skill_read_count","skill_skipped_not_due_count","entity_record_created_count","entity_record_updated_actor_count","entity_record_link_changed_count","entity_record_link_changed_same_component_count","entity_record_link_changed_component_changed_count","entity_record_link_changed_same_hero_count","entity_record_link_changed_hero_changed_count","entity_record_link_changed_hero_unknown_count","entity_record_link_changed_match_key_count","entity_record_link_changed_link_key_count","entity_record_link_changed_component_key_count","entity_record_mark_missing_count","entity_record_mark_dead_count","entity_record_expired_count","component_cache_hit_count","component_cache_miss_count","component_cache_invalidate_interval_count","component_cache_invalidate_interval_skipped_lifetime_count","component_cache_invalidate_link_change_count","component_cache_invalidate_health_resurrect_count","component_cache_invalidate_hero_change_count","component_cache_link_change_previous_match_id_known_count","component_cache_link_change_previous_match_id_zero_count","component_cache_link_change_previous_match_id_unknown_count","component_cache_link_change_record_alias_hit_count","component_cache_link_change_record_alias_miss_count","component_cache_link_change_record_published_count","component_cache_link_change_record_bases_valid_count","component_cache_link_change_record_match_key_count","component_cache_link_change_record_link_key_count","component_cache_link_change_record_component_key_count","component_cache_link_retain_attempt_count","component_cache_link_retain_success_count","component_cache_link_retain_rejected_disabled_count","component_cache_link_retain_rejected_record_store_disabled_count","component_cache_link_retain_rejected_missing_record_count","component_cache_link_retain_rejected_missing_match_id_count","component_cache_link_retain_rejected_component_changed_count","component_cache_link_retain_rejected_interval_count","component_cache_link_retain_interval_bypassed_lifetime_count","component_cache_link_retain_rejected_hero_changed_count","component_cache_link_retain_rejected_hero_unknown_count","component_cache_link_retain_rejected_decrypt_fail_count","component_cache_link_retain_cached_hero_validate_count","component_cache_link_retain_refresh_decrypt_attempt_count","component_cache_link_retain_refresh_decrypt_success_count","component_cache_link_retain_refresh_decrypt_fail_count","component_cache_link_retain_refresh_link_attempt_count","component_cache_link_retain_refresh_link_success_count","component_cache_link_retain_refresh_link_fail_count","component_cache_link_retain_refresh_hero_attempt_count","component_cache_link_retain_refresh_hero_success_count","component_cache_link_retain_refresh_hero_fail_count","component_cache_link_retain_refresh_visibility_attempt_count","component_cache_link_retain_refresh_visibility_success_count","component_cache_link_retain_refresh_visibility_fail_count","component_cache_link_retain_refresh_angle_attempt_count","component_cache_link_retain_refresh_angle_success_count","component_cache_link_retain_refresh_angle_fail_count","component_cache_link_retain_refresh_angle_skipped_no_prior_count","component_cache_link_retain_refresh_angle_prior_count","component_cache_link_retain_refresh_angle_prior_fail_rejected_count","dynamic_cache_created_count","dynamic_cache_reused_count","dynamic_cache_replaced_count","dynamic_cache_expired_count","record_store_enabled","record_store_size","record_store_fresh_count","record_store_missing_count","record_store_dead_count","record_store_expired_count","record_store_bases_valid_count","record_store_dynamic_valid_count","record_store_published_valid_count","sdk_component_key_cache_hit_count","sdk_component_key_cache_miss_count","sdk_begin_frame_scan_count","sdk_begin_frame_process_count","sdk_begin_frame_unknown_count","viewmatrix_publish_hz","viewmatrix_publish_age_ms","render_viewmatrix_age_ms","render_viewmatrix_max_age_ms","render_viewmatrix_uses","render_viewmatrix_missing_publish_uses","render_viewmatrix_over_16ms","render_viewmatrix_over_33ms","render_viewmatrix_over_50ms","view_matrix_ok","view_matrix_resolved","view_matrix_valid","snapshot_entities_copy_ms","snapshot_entities_copy_max_ms","snapshot_dynamic_copy_ms","snapshot_dynamic_copy_max_ms","manual_width","manual_height","detected_width","detected_height","resolved_wx","resolved_wy","player_info_input","player_info_projected","player_info_drawn","render_prediction_candidates","render_prediction_applied","render_prediction_world_delta_fallback","render_prediction_max_lead_ms","render_prediction_max_offset_cm","skipped_world_to_screen","sample_projected_available","sample_projected_left","sample_projected_top","sample_projected_width","sample_projected_height","dma_total","dma_failed","dma_avg_latency_us","dma_max_latency_us","dma_window_ms","dma_window_total","dma_window_failed","dma_window_max_latency_us","dma_window_max_callsite","dma_window_max_callsite_latency_us","dma_window_entity_scan_reads","dma_window_entity_scan_max_us","dma_window_entity_scan_root_reads","dma_window_entity_scan_root_max_us","dma_window_entity_scan_list_read_reads","dma_window_entity_scan_list_read_max_us","dma_window_entity_scan_record_build_reads","dma_window_entity_scan_record_build_max_us","dma_window_entity_scan_record_match_id_reads","dma_window_entity_scan_record_match_id_max_us","dma_window_entity_scan_record_header_reads","dma_window_entity_scan_record_header_max_us","dma_window_entity_scan_record_pool_ptr_reads","dma_window_entity_scan_record_pool_ptr_max_us","dma_window_entity_scan_record_pool_id_reads","dma_window_entity_scan_record_pool_id_max_us","dma_window_entity_scan_match_link_reads","dma_window_entity_scan_match_link_max_us","dma_window_entity_scan_target_map_reads","dma_window_entity_scan_target_map_max_us","dma_window_entity_scan_self_validation_reads","dma_window_entity_scan_self_validation_max_us","dma_window_entity_scan_component_validation_reads","dma_window_entity_scan_component_validation_max_us","dma_window_entity_decrypt_reads","dma_window_entity_decrypt_max_us","dma_window_entity_base_decrypt_reads","dma_window_entity_base_decrypt_max_us","dma_window_entity_header_special_reads","dma_window_entity_header_special_max_us","dma_window_entity_hot_scatter_reads","dma_window_entity_hot_scatter_max_us","dma_window_entity_hot_fields_reads","dma_window_entity_hot_fields_max_us","dma_window_entity_rotation_position_reads","dma_window_entity_rotation_position_max_us","dma_window_entity_prefetch_reads","dma_window_entity_prefetch_max_us","dma_window_viewmatrix_reads","dma_window_viewmatrix_max_us","render_frame_ms","render_callback_ms","present_ms","render_mode","player_info_called","skill_info_called","entity_list_empty"
"2026/6/29 11:53:07","395.424","395.424","0","40","16.129","32.258","0","0","159","16","16","16","170","170","170","13","1365","0","0","9.658","1128.94","128","51","0","2.061","145.207","144.734","33.851","36","2","1","36","2","951717","ViewMatrix","0","947284","1277","1","110818","31588","951717","1","0","0","0","51","51","0","0","0","0","2","0","0","0","2","3","0","0","0","170","0","0","0","0","0","0.019","2.626","0","2.593","2.979","2.706","0","1.003","0","0","32","4","1","32","4","2625","EntityScanListRead","0","2625","1697","1","297","262","1763","1","0","0","51","4096","0","4","0","0","0","0","4","0","0","0","4","1","1","10000","1","0","0","0","1","2000","52","51","0","0","1","2000","51","47","4","4","4","4","0","4","0","0","0","0","52","0","51","0","104","0","0","0","1","102","51","51","1","2000","51","47","4","4","4","4","4","0","1","2000","52","48","4","4","4","4","0","0","0","0","0","0","0","0","52","0","51","0","0","0","0","0.005","0","0","0","0","0","0","0","0","0","0","0","0","0","0","0","0","0","0","0","0","0","0","0","0","0","0","0","0","0","0","0","0","0","0","0","0","0","0","0.005","0","0","0","0","0","0","0","0","0","0","0","0","0","0","0","0","0","0","0","0","0","0","0","0","0","0","0","0","0","0x0","0","0","0x0","0","0","0","0","0x0","0x0","0x0","0","0","0","0","0","0","0","0x0","0x0","0x0","0x0","0x0","0","0","0","-1","0","0","0","0","0","0","0","0","0","0","0","0","0","0","0","0","0","0","0","0","0","0","0","0","0","0","0","0","0","0","0","0","0","0","0","0","0","0","0","0","0","0","0","0","0","0","0","0","0","0","0","0","0","0","0","0","0","0","0","0","0","0","0","0","0","0","0","0","0","0","0","0","0","0","0","0","0","0","0","0","0","0","0","170","514","0","62.5","0","0","0","0","0","0","0","0","True","True","True","0","0.002","0","0","1920","1080","0","0","1920","1080","0","0","0","0","0","0","0","0","0","False","0","0","0","0","12285","658","799","952725","2500","3045","121","3044","EntityScanListRead","3044","0","0","0","0","91","3044","0","0","0","0","79","1697","0","0","79","1666","0","0","232","1765","0","0","80","1111","0","0","0","0","0","0","0","0","0","0","0","0","0","0","2464","2377","2.7329","0.0199","2.713","normal","False","False","True"
"2026/6/29 11:53:10","427.317","427.317","0","40","15.873","62.5","15","0","159","16","16","16","205","205","205","13","1669","0","0","9.889","1128.94","128","51","0","2.061","145.207","144.734","33.851","36","2","1","36","2","951717","ViewMatrix","0","947284","1277","1","110818","31588","951717","1","0","0","0","51","51","0","0","0","0","2","0","0","0","2","3","0","0","0","205","0","0","0","0","0","0.013","2.444","0","1.479","4.466","2.962","0","1.032","0","0","31","3","1","31","3","2443","EntityScanListRead","0","2443","394","260","1495","345","762","1","0","0","51","4096","0","4","0","0","0","0","4","0","0","0","4","1","1","10000","1","0","0","0","1","2000","52","51","0","0","1","2000","51","47","4","4","4","4","0","4","0","0","0","0","52","0","51","0","104","0","0","0","1","102","51","51","1","2000","51","47","4","4","4","4","4","0","1","2000","52","48","4","4","4","4","0","0","0","0","0","0","0","0","52","0","51","0","0","0","0","0.005","0","0","0","0","0","0","0","0","0","0","0","0","0","0","0","0","0","0","0","0","0","0","0","0","0","0","0","0","0","0","0","0","0","0","0","0","0","0","0.005","0","0","0","0","0","0","0","0","0","0","0","0","0","0","0","0","0","0","0","0","0","0","0","0","0","0","0","0","0","0x0","0","0","0x0","0","0","0","0","0x0","0x0","0x0","0","0","0","0","0","0","0","0x0","0x0","0x0","0x0","0x0","0","0","0","-1","0","0","0","0","0","0","0","0","0","0","0","0","0","0","0","0","0","0","0","0","0","0","0","0","0","0","0","0","0","0","0","0","0","0","0","0","0","0","0","0","0","0","0","0","0","0","0","0","0","0","0","0","0","0","0","0","0","0","0","0","0","0","0","0","0","0","0","0","0","0","0","0","0","0","0","0","0","0","0","0","0","0","0","205","602","0","66.666","0","0","0","0","0","0","0","0","True","True","True","0","0.002","0","0","1920","1080","0","0","1920","1080","0","0","0","0","0","0","0","0","0","False","0","0","0","0","14908","757","717","952725","2500","3042","116","2661","EntityScanListRead","2661","0","0","0","0","91","2661","0","0","0","0","79","1880","0","0","79","2165","0","0","231","1507","0","0","79","1111","0","0","0","0","0","0","0","0","0","0","0","0","0","0","2483","2356","2.4333","0.0193","2.414","normal","False","False","True"
"2026/6/29 11:53:12","436.102","436.102","0","40","16.129","32.258","0","0","156","16","16","16","232","232","232","26","1857","0","0","69.693","1128.94","128","51","0","2.061","145.207","144.734","33.851","36","2","1","36","2","951717","ViewMatrix","0","947284","1277","1","110818","31588","951717","1","0","0","0","51","51","0","0","0","0","2","0","0","0","2","3","0","0","15","232","0","0","0","0","0","0.013","16.627","0","21.775","25.86","24.623","0","4.979","0","0.001","41","4","1","41","4","19640","ViewMatrix","0","16627","15454","2","17876","1576","19640","1","0","0","51","4096","0","4","0","0","0","0","4","0","0","0","4","1","1","10000","1","0","0","0","1","2000","52","51","0","0","1","2000","51","47","4","4","4","4","16","4","0","0","0","0","52","0","51","0","104","0","0","0","1","102","51","51","1","2000","51","27","4","4","24","4","4","20","1","2000","52","48","4","4","4","4","19","0","0","0","0","0","0","0","52","0","51","0","0","0","0","0.004","0","0","0","0","0","0","0","0","0","0","0","0","0","0","0","0","0","0","0","0","0","0","0","0","0","0","0","0","0","0","0","0","0","0","0","0","0","0","0.004","0","0","0","0","0","0","0","0","0","0","0","0","0","0","0","0","0","0","0","0","0","0","0","0","0","0","0","0","0","0x0","0","0","0x0","0","0","0","0","0x0","0x0","0x0","0","0","0","0","0","0","0","0x0","0x0","0x0","0x0","0x0","0","0","0","-1","0","0","0","0","0","0","0","0","0","0","0","0","0","0","0","0","0","0","0","0","0","0","0","0","0","0","0","0","0","0","0","0","0","0","0","0","0","0","0","0","0","0","0","0","0","0","0","0","0","0","0","0","0","0","0","0","0","0","0","0","0","0","0","0","0","0","0","0","0","0","0","0","0","0","0","0","0","0","0","0","0","0","0","233","683","0","21.276","31","0","0","0","0","0","0","0","True","True","True","0","0.002","0","0","1920","1080","0","0","1920","1080","0","0","0","0","0","0","0","0","0","False","0","0","0","0","16522","839","753","952725","2500","2292","108","89350","ViewMatrix","89350","0","0","0","0","87","87580","0","0","0","0","63","20224","0","0","63","3621","0","0","187","50525","0","0","64","4140","0","0","0","0","0","0","0","0","0","0","0","0","0","0","1810","89350","1.9444","0.0085","1.9359","normal","False","False","True"
"2026/6/29 11:53:14","446.691","446.691","0","40","15.873","32.258","0","0","158","16","16","16","265","265","265","26","2129","0","0","9.175","1128.94","128","51","0","2.061","145.207","144.734","33.851","36","2","1","36","2","951717","ViewMatrix","0","947284","1277","1","110818","31588","951717","1","0","0","0","51","51","0","0","0","0","2","0","0","0","2","3","0","0","0","265","0","0","0","0","0","0.019","2.451","0","0.282","5.031","4.538","0","0.94","0","0.001","27","1","1","27","1","2451","EntityScanListRead","0","2451","265","1","748","243","752","1","0","0","51","4096","0","1","0","0","0","0","1","0","0","0","1","1","1","10000","1","0","0","0","1","2000","52","51","0","0","1","2000","51","50","1","1","4","1","0","1","0","0","0","0","52","0","51","0","104","0","0","0","1","102","51","51","1","2000","51","47","4","4","4","4","4","0","1","2000","52","48","4","4","4","4","0","0","0","0","0","0","0","0","52","0","51","0","0","0","0","0.005","0","0","0","0","0","0","0","0","0","0","0","0","0","0","0","0","0","0","0","0","0","0","0","0","0","0","0","0","0","0","0","0","0","0","0","0","0","0","0.005","0","0","0","0","0","0","0","0","0","0","0","0","0","0","0","0","0","0","0","0","0","0","0","0","0","0","0","0","0","0x0","0","0","0x0","0","0","0","0","0x0","0x0","0x0","0","0","0","0","0","0","0","0x0","0x0","0x0","0x0","0x0","0","0","0","-1","0","0","0","0","0","0","0","0","0","0","0","0","0","0","0","0","0","0","0","0","0","0","0","0","0","0","0","0","0","0","0","0","0","0","0","0","0","0","0","0","0","0","0","0","0","0","0","0","0","0","0","0","0","0","0","0","0","0","0","0","0","0","0","0","0","0","0","0","0","0","0","0","0","0","0","0","0","0","0","0","0","0","0","265","764","0","62.5","0","0","0","0","0","0","0","0","True","True","True","0","0.002","0","0","1920","1080","0","0","1920","1080","0","0","0","0","0","0","0","0","0","False","0","0","0","0","18858","932","709","952725","2500","2565","109","73038","ViewMatrix","73038","0","0","0","0","89","68194","0","0","0","0","71","20224","0","0","71","3621","0","0","209","39836","0","0","71","2922","0","0","0","0","0","0","0","0","0","0","0","0","0","0","2049","73038","2.5893","0.0125","2.5768","normal","False","False","True"
"2026/6/29 11:53:16","459.079","459.079","0","40","15.873","32.258","0","0","156","16","16","16","293","293","293","30","2367","0","0","128.578","1128.94","128","51","0","2.061","145.207","144.734","33.851","36","2","1","36","2","951717","ViewMatrix","0","947284","1277","1","110818","31588","951717","1","0","0","0","51","51","0","0","0","0","2","0","0","0","2","3","0","0","15","293","0","0","0","0","0","0.018","73.125","0","51.24","2.705","2.437","0","1.04","0","0","31","3","1","31","3","76065","ViewMatrix","0","73124","49420","290","298","296","76065","1","0","0","51","4096","0","4","0","0","0","0","4","0","0","0","4","1","1","10000","1","0","0","0","1","2000","52","51","0","0","1","2000","51","47","4","4","4","4","4","4","0","0","0","0","52","0","51","0","104","0","0","0","1","102","51","51","1","2000","51","47","4","4","4","4","4","0","1","2000","52","48","4","4","4","4","0","0","0","0","0","0","0","0","52","0","51","0","0","0","0","0.005","0","0","0","0","0","0","0","0","0","0","0","0","0","0","0","0","0","0","0","0","0","0","0","0","0","0","0","0","0","0","0","0","0","0","0","0","0","0","0.005","0","0","0","0","0","0","0","0","0","0","0","0","0","0","0","0","0","0","0","0","0","0","0","0","0","0","0","0","0","0x0","0","0","0x0","0","0","0","0","0x0","0x0","0x0","0","0","0","0","0","0","0","0x0","0x0","0x0","0x0","0x0","0","0","0","-1","0","0","0","0","0","0","0","0","0","0","0","0","0","0","0","0","0","0","0","0","0","0","0","0","0","0","0","0","0","0","0","0","0","0","0","0","0","0","0","0","0","0","0","0","0","0","0","0","0","0","0","0","0","0","0","0","0","0","0","0","0","0","0","0","0","0","0","0","0","0","0","0","0","0","0","0","0","0","0","0","0","0","0","294","846","0","66.666","188","0","0","0","0","0","0","0","True","True","True","0","0.002","0","0","1920","1080","0","0","1920","1080","0","0","0","0","0","0","0","0","0","False","0","0","0","0","20897","1015","684","952725","2500","2612","99","76065","ViewMatrix","76065","0","0","1","897","86","73124","0","0","0","0","59","49420","0","0","59","2084","0","0","177","1482","0","0","59","1432","0","0","0","0","0","0","0","0","0","0","0","0","0","0","2171","76065","2.7907","0.0082","2.7825","normal","False","False","True"
"2026/6/29 11:53:18","400.995","400.995","0","40","15.873","62.5","0","0","146","20","16","16","313","313","313","34","2518","0","0","3.268","1128.94","128","51","0","2.061","145.207","144.734","33.851","36","2","1","36","2","951717","ViewMatrix","0","947284","1277","1","110818","31588","951717","1","0","0","0","51","51","0","0","0","0","2","0","0","0","2","3","0","0","0","313","0","0","0","0","0","0.016","2.51","0","0.01","0.292","0.004","0","0.001","0","0","2","0","1","2","0","2510","EntityScanListRead","0","2510","0","0","283","0","0","1","0","0","51","4096","0","0","0","0","0","0","0","0","0","0","0","1","1","10000","1","0","0","0","1","2000","52","51","0","0","1","2000","51","51","0","0","4","0","0","0","0","0","0","0","52","0","51","0","104","0","0","0","1","102","51","51","1","2000","51","51","0","0","0","4","0","0","1","2000","52","52","0","0","4","0","0","0","0","0","0","0","0","0","52","0","51","0","0","0","0","0.005","0","0","0","0","0","0","0","0","0","0","0","0","0","0","0","0","0","0","0","0","0","0","0","0","0.001","0","0","0","0","0","0","0","0","0","0","0","0","0","0.004","0","0","0","0","0","0","0","0","0","0","0","0","0","0","0","0","0","0","0","0","0","0","0","0","0","0","0","0","0","0x0","0","0","0x0","0","0","0","0","0x0","0x0","0x0","0","0","0","0","0","0","0","0x0","0x0","0x0","0x0","0x0","0","0","0","-1","0","0","0","0","0","0","0","0","0","0","0","0","0","0","0","0","0","0","0","0","0","0","0","0","0","0","0","0","0","0","0","0","0","0","0","0","0","0","0","0","0","0","0","0","0","0","0","0","0","0","0","0","0","0","0","0","0","0","0","0","0","0","0","0","0","0","0","0","0","0","0","0","0","0","0","0","0","0","0","0","0","0","0","313","927","0","62.5","0","0","0","0","0","0","0","0","True","True","True","0","0.002","0","0","1920","1080","0","0","1920","1080","0","0","0","0","0","0","0","0","0","False","0","0","0","0","22445","1113","751","952725","2500","1791","104","947687","ViewMatrix","947687","0","0","0","0","74","945200","0","0","0","0","59","49420","0","0","59","578","0","0","171","31751","0","0","63","31690","0","0","0","0","0","0","0","0","0","0","0","0","0","0","1345","947687","2.5217","0.019","2.5027","normal","False","False","True"
"2026/6/29 11:53:20","407.854","407.854","0","40","15.873","62.5","15","0","147","16","16","16","345","345","345","34","2796","0","0","3.258","1128.94","128","51","0","2.061","145.207","144.734","33.851","36","2","1","36","2","951717","ViewMatrix","0","947284","1277","1","110818","31588","951717","1","0","0","0","51","51","0","0","0","0","2","0","0","0","2","3","0","0","0","345","0","0","0","0","0","0.018","2.517","0","0.016","0.277","0.005","0","0.001","0","0","2","0","1","2","0","2517","EntityScanListRead","0","2517","0","0","268","0","0","1","0","0","51","4096","0","0","0","0","0","0","0","0","0","0","0","1","1","10000","1","0","0","0","1","2000","52","51","0","0","1","2000","51","51","0","0","4","0","0","0","0","0","0","0","52","0","51","0","104","0","0","0","1","102","51","51","1","2000","51","51","0","0","0","4","0","0","1","2000","52","52","0","0","4","0","0","0","0","0","0","0","0","0","52","0","51","0","0","0","0","0.004","0","0","0","0","0","0","0","0","0","0","0","0","0","0","0","0","0","0","0","0","0","0","0","0","0","0","0","0","0","0","0","0","0","0","0","0","0","0","0.004","0","0","0","0","0","0","0","0","0","0","0","0","0","0","0","0","0","0","0","0","0","0","0","0","0","0","0","0","0","0x0","0","0","0x0","0","0","0","0","0x0","0x0","0x0","0","0","0","0","0","0","0","0x0","0x0","0x0","0x0","0x0","0","0","0","-1","0","0","0","0","0","0","0","0","0","0","0","0","0","0","0","0","0","0","0","0","0","0","0","0","0","0","0","0","0","0","0","0","0","0","0","0","0","0","0","0","0","0","0","0","0","0","0","0","0","0","0","0","0","0","0","0","0","0","0","0","0","0","0","0","0","0","0","0","0","0","0","0","0","0","0","0","0","0","0","0","0","0","0","345","1007","0","66.666","0","0","0","0","0","0","0","0","True","True","True","0","0.002","0","0","1920","1080","0","0","1920","1080","0","0","0","0","0","0","0","0","0","False","0","0","0","0","24827","1206","712","952725","2500","2932","99","2914","EntityScanListRead","2914","0","0","0","0","91","2914","0","0","0","0","59","1139","0","0","59","1002","0","0","188","1901","0","0","63","1458","0","0","0","0","0","0","0","0","0","0","0","0","0","0","2472","2390","2.7278","0.0216","2.7062","normal","False","False","True"
"2026/6/29 11:53:22","462.451","462.451","0","40","15.873","32.258","0","0","147","16","16","16","377","377","377","34","3072","0","0","3.756","1128.94","128","51","0","2.061","145.207","144.734","33.851","36","2","1","36","2","951717","ViewMatrix","0","947284","1277","1","110818","31588","951717","1","0","0","0","51","51","0","0","0","0","2","0","0","0","2","3","0","0","0","377","0","0","0","0","0","0.015","2.625","0","0.016","0.669","0.003","0","0","0","0","8","0","1","8","0","2625","EntityScanListRead","0","2625","0","0","663","0","2253","1","0","0","51","4096","0","0","0","0","0","0","0","0","0","0","0","1","1","10000","1","0","0","0","1","2000","52","51","0","0","1","2000","51","51","0","0","4","0","0","0","0","0","0","0","52","0","51","0","104","0","0","0","1","102","51","51","1","2000","51","51","0","0","0","4","0","0","1","2000","52","52","0","0","4","0","0","0","0","0","0","0","0","0","52","0","51","0","0","0","0","0.005","0","0","0","0","0","0","0","0","0","0","0","0","0","0","0","0","0","0","0","0","0","0","0","0","0","0","0","0","0","0","0","0","0","0","0","0","0","0","0.005","0","0","0","0","0","0","0","0","0","0","0","0","0","0","0","0","0","0","0","0","0","0","0","0","0","0","0","0","0","0x0","0","0","0x0","0","0","0","0","0x0","0x0","0x0","0","0","0","0","0","0","0","0x0","0x0","0x0","0x0","0x0","0","0","0","-1","0","0","0","0","0","0","0","0","0","0","0","0","0","0","0","0","0","0","0","0","0","0","0","0","0","0","0","0","0","0","0","0","0","0","0","0","0","0","0","0","0","0","0","0","0","0","0","0","0","0","0","0","0","0","0","0","0","0","0","0","0","0","0","0","0","0","0","0","0","0","0","0","0","0","0","0","0","0","0","0","0","0","0","377","1088","0","62.5","47","0","0","0","0","0","0","0","True","True","True","0","0.002","0","0","1920","1080","0","0","1920","1080","0","0","0","0","0","0","0","0","0","False","0","0","0","0","27188","1304","680","952725","2500","2925","104","8520","ViewMatrix","8520","0","0","0","0","91","4230","0","0","0","0","59","1211","0","0","59","1663","0","0","193","1470","0","0","63","1458","0","0","0","0","0","0","0","0","0","0","0","0","0","0","2440","8520","3.095","0.0089","3.0861","normal","False","False","True"
"2026/6/29 11:53:24","425.546","425.546","0","40","16.129","32.258","15","0","147","16","16","16","410","410","410","35","3342","0","0","3.509","1128.94","128","51","0","2.061","145.207","144.734","33.851","36","2","1","36","2","951717","ViewMatrix","0","947284","1277","1","110818","31588","951717","1","0","0","0","51","51","0","0","0","0","2","0","0","0","2","3","0","0","0","410","0","0","0","0","0","0.016","2.599","0","0.015","0.462","0.003","0","0","0","0.001","5","0","1","5","0","2598","EntityScanListRead","0","2598","0","0","455","0","731","1","0","0","51","4096","0","0","0","0","0","0","0","0","0","0","0","1","1","10000","1","0","0","0","1","2000","52","51","0","0","1","2000","51","51","0","0","4","0","0","0","0","0","0","0","52","0","51","0","104","0","0","0","1","102","51","51","1","2000","51","51","0","0","0","4","0","0","1","2000","52","52","0","0","4","0","0","0","0","0","0","0","0","0","52","0","51","0","0","0","0","0.005","0","0","0","0","0","0","0","0","0","0","0","0","0","0","0","0","0","0","0","0","0","0","0","0","0","0","0","0","0","0","0","0","0","0","0","0","0","0","0.005","0","0","0","0","0","0","0","0","0","0","0","0","0","0","0","0","0","0","0","0","0","0","0","0","0","0","0","0","0","0x0","0","0","0x0","0","0","0","0","0x0","0x0","0x0","0","0","0","0","0","0","0","0x0","0x0","0x0","0x0","0x0","0","0","0","-1","0","0","0","0","0","0","0","0","0","0","0","0","0","0","0","0","0","0","0","0","0","0","0","0","0","0","0","0","0","0","0","0","0","0","0","0","0","0","0","0","0","0","0","0","0","0","0","0","0","0","0","0","0","0","0","0","0","0","0","0","0","0","0","0","0","0","0","0","0","0","0","0","0","0","0","0","0","0","0","0","0","0","0","410","1168","0","66.666","0","0","0","0","0","0","0","0","True","True","True","0.002","0.002","0","0","1920","1080","0","0","1920","1080","0","0","0","0","0","0","0","0","0","False","0","0","0","0","29543","1397","656","952725","2500","2942","153","31771","EntityScanListRead","31771","0","0","0","0","143","31771","0","0","0","0","63","1170","0","0","63","1663","0","0","194","2137","0","0","63","1718","0","0","0","0","0","0","0","0","0","0","0","0","0","0","2416","31764","2.0697","0.0184","2.0513","normal","False","False","True"
"2026/6/29 11:53:26","454.016","454.016","0","40","16.129","32.258","0","0","149","16","16","16","442","442","442","35","3619","0","0","9.502","1128.94","128","51","0","2.061","145.207","144.734","33.851","36","2","1","36","2","951717","ViewMatrix","0","947284","1277","1","110818","31588","951717","1","0","0","0","51","51","0","0","0","0","2","0","0","0","2","3","0","0","0","442","0","0","0","0","0","0.035","2.5","0","1.239","2.899","2.16","0","2.395","0","0.001","33","3","1","33","3","2499","EntityScanListRead","0","2499","257","239","735","1450","522","1","0","0","51","4096","0","4","0","0","0","0","4","0","0","0","4","1","1","10000","1","0","0","0","1","2000","52","51","0","0","1","2000","51","47","4","4","4","4","0","4","0","0","0","0","52","0","51","0","104","0","0","0","1","102","51","51","1","2000","51","47","4","4","4","4","4","0","1","2000","52","48","4","4","4","4","0","0","0","0","0","0","0","0","52","0","51","0","0","0","0","0.005","0","0","0","0","0","0","0","0","0","0","0","0","0","0","0","0","0","0","0","0","0","0","0","0","0","0","0","0","0","0","0","0","0","0","0","0","0","0","0.005","0","0","0","0","0","0","0","0","0","0","0","0","0","0","0","0","0","0","0","0","0","0","0","0","0","0","0","0","0","0x0","0","0","0x0","0","0","0","0","0x0","0x0","0x0","0","0","0","0","0","0","0","0x0","0x0","0x0","0x0","0x0","0","0","0","-1","0","0","0","0","0","0","0","0","0","0","0","0","0","0","0","0","0","0","0","0","0","0","0","0","0","0","0","0","0","0","0","0","0","0","0","0","0","0","0","0","0","0","0","0","0","0","0","0","0","0","0","0","0","0","0","0","0","0","0","0","0","0","0","0","0","0","0","0","0","0","0","0","0","0","0","0","0","0","0","0","0","0","0","442","1249","0","66.666","16","0","0","0","0","0","0","0","True","True","True","0","0.002","0","0","1920","1080","0","0","1920","1080","0","0","0","0","0","0","0","0","0","False","0","0","0","0","31907","1490","633","952725","2500","2985","153","3242","EntityScanListRead","3242","0","0","1","876","142","3242","0","0","0","0","63","1500","0","0","63","989","0","0","193","1633","0","0","63","1450","0","0","0","0","0","0","0","0","0","0","0","0","0","0","2460","2362","1.6633","0.0101","1.6532","normal","False","False","True"
"2026/6/29 11:53:28","416.461","416.461","0","40","15.873","32.258","0","0","157","16","16","16","459","459","459","35","3774","0","0","26.784","1128.94","128","51","0","2.061","145.207","144.734","33.851","36","2","1","36","2","951717","ViewMatrix","0","947284","1277","1","110818","31588","951717","1","0","0","0","51","51","0","0","0","0","2","0","0","0","2","3","0","0","0","459","0","0","0","0","0","0.016","7.661","0","0.03","15.58","0.008","0.002","3.027","0","0.001","13","0","1","13","0","15734","ViewMatrix","0","7660","0","0","15569","996","15734","1","0","0","51","4096","0","0","0","0","0","0","0","0","0","0","0","1","1","10000","1","0","0","0","1","2000","52","51","0","0","1","2000","51","51","0","0","4","0","0","0","0","0","0","0","52","0","51","0","104","0","0","0","1","102","51","51","1","2000","51","51","0","0","0","4","0","0","1","2000","52","48","4","4","4","4","4","0","0","0","0","0","0","0","52","0","51","0","0","0","0","0.004","0","0","0","0","0","0","0","0","0","0","0","0","0","0","0","0","0","0","0","0","0","0","0","0","0","0","0","0","0","0","0","0","0","0","0","0","0","0","0.004","0","0","0","0","0","0","0","0","0","0","0","0","0","0","0","0","0","0","0","0","0","0","0","0","0","0","0","0","0","0x0","0","0","0x0","0","0","0","0","0x0","0x0","0x0","0","0","0","0","0","0","0","0x0","0x0","0x0","0x0","0x0","0","0","0","-1","0","0","0","0","0","0","0","0","0","0","0","0","0","0","0","0","0","0","0","0","0","0","0","0","0","0","0","0","0","0","0","0","0","0","0","0","0","0","0","0","0","0","0","0","0","0","0","0","0","0","0","0","0","0","0","0","0","0","0","0","0","0","0","0","0","0","0","0","0","0","0","0","0","0","0","0","0","0","0","0","0","0","0","460","1329","0","62.5","906","0","0","0","0","0","0","0","True","True","True","0","0.002","0","0","1920","1080","0","0","1920","1080","0","0","0","0","0","0","0","0","0","False","0","0","0","0","33051","1498","624","952725","2500","1784","71","15734","ViewMatrix","15734","0","0","0","0","76","7660","0","0","0","0","19","1211","0","0","19","989","0","0","71","15569","0","0","19","1450","0","0","0","0","0","0","0","0","0","0","0","0","0","0","1560","15734","2.0377","0.0132","2.0245","normal","False","False","True"
"2026/6/29 11:53:30","426.737","426.737","0","40","16.129","62.5","0","0","145","19","16","16","489","489","489","38","4016","0","0","3.198","1128.94","128","51","0","2.061","145.207","144.734","33.851","36","2","1","36","2","951717","ViewMatrix","0","947284","1277","1","110818","31588","951717","1","0","0","0","51","51","0","0","0","0","2","0","0","0","2","3","0","0","0","489","0","0","0","0","0","0.014","2.483","0","0.022","0.278","0.002","0","0","0","0","2","0","1","2","0","2482","EntityScanListRead","0","2482","0","0","274","0","0","1","0","0","51","4096","0","0","0","0","0","0","0","0","0","0","0","1","1","10000","1","0","0","0","1","2000","52","51","0","0","1","2000","51","51","0","0","4","0","0","0","0","0","0","0","52","0","51","0","104","0","0","0","1","102","51","51","1","2000","51","51","0","0","0","4","0","0","1","2000","52","52","0","0","4","0","0","0","0","0","0","0","0","0","52","0","51","0","0","0","0","0.007","0","0","0","0","0.002","0","0","0","0","0","0","0","0","0","0","0","0","0","0","0","0","0","0","0","0","0","0","0","0","0","0","0","0","0","0","0","0","0","0.005","0","0","0","0","0","0","0","0","0","0","0","0","0","0","0","0","0","0","0","0","0","0","0","0","0","0","0","0","0","0x0","0","0","0x0","0","0","0","0","0x0","0x0","0x0","0","0","0","0","0","0","0","0x0","0x0","0x0","0x0","0x0","0","0","0","-1","0","0","0","0","0","0","0","0","0","0","0","0","0","0","0","0","0","0","0","0","0","0","0","0","0","0","0","0","0","0","0","0","0","0","0","0","0","0","0","0","0","0","0","0","0","0","0","0","0","0","0","0","0","0","0","0","0","0","0","0","0","0","0","0","0","0","0","0","0","0","0","0","0","0","0","0","0","0","0","0","0","0","0","489","1410","0","62.5","0","0","0","0","0","0","0","0","True","True","True","0","0.002","0","0","1920","1080","0","0","1920","1080","0","0","0","0","0","0","0","0","0","False","0","0","0","0","35217","1591","670","952725","2500","2166","93","951087","ViewMatrix","951087","0","0","0","0","81","938147","0","0","0","0","51","1755","0","0","51","1459","0","0","153","110599","0","0","51","31722","0","0","0","0","0","0","0","0","0","0","0","0","0","0","1779","951087","2.286","0.0128","2.2732","normal","False","False","True"
"2026/6/29 11:53:32","435.746","435.746","0","40","16.129","62.5","15","0","127.985","16.2369","15.2818","15.2818","520","520","520","46","4228","0","0","3.204","1128.94","128","51","0","2.061","145.207","144.734","33.851","36","2","1","36","2","951717","ViewMatrix","0","947284","1277","1","110818","31588","951717","1","0","0","0","51","51","0","0","0","0","2","0","0","0","2","3","0","0","0","520","0","0","0","0","0","0.014","2.485","0","0.01","0.256","0.002","0","0","0","0","2","0","1","2","0","2484","EntityScanListRead","0","2484","0","0","251","0","0","1","0","0","51","4096","0","0","0","0","0","0","0","0","0","0","0","1","1","10000","1","0","0","0","1","2000","52","51","0","0","1","2000","51","51","0","0","4","0","0","0","0","0","0","0","52","0","51","0","104","0","0","0","1","102","51","51","1","2000","51","51","0","0","0","4","0","0","1","2000","52","52","0","0","4","0","0","0","0","0","0","0","0","0","52","0","51","0","0","0","0","0.004","0","0","0","0","0","0","0","0","0","0","0","0","0","0","0","0","0","0","0","0","0","0","0","0","0","0","0","0","0","0","0","0","0","0","0","0","0","0","0.004","0","0","0","0","0","0","0","0","0","0","0","0","0","0","0","0","0","0","0","0","0","0","0","0","0","0","0","0","0","0x0","0","0","0x0","0","0","0","0","0x0","0x0","0x0","0","0","0","0","0","0","0","0x0","0x0","0x0","0x0","0x0","0","0","0","-1","0","0","0","0","0","0","0","0","0","0","0","0","0","0","0","0","0","0","0","0","0","0","0","0","0","0","0","0","0","0","0","0","0","0","0","0","0","0","0","0","0","0","0","0","0","0","0","0","0","0","0","0","0","0","0","0","0","0","0","0","0","0","0","0","0","0","0","0","0","0","0","0","0","0","0","0","0","0","0","0","0","0","0","520","1490","0","66.666","0","0","0","0","0","0","0","0","True","True","True","0","0.002","0","0","1920","1080","0","0","1920","1080","0","0","0","0","0","0","0","0","0","False","0","0","0","0","36975","1689","682","952725","2500","2265","98","85507","ViewMatrix","85507","0","0","0","0","90","66620","0","0","0","0","51","15931","0","0","51","1520","0","0","162","44841","0","0","51","2177","0","0","0","0","0","0","0","0","0","0","0","0","0","0","1840","85507","1.6645","0.0072","1.6573","normal","False","False","True"
"2026/6/29 11:53:34","489.498","489.498","0","40","16.129","32.258","0","0","146","16","16","16","552","552","552","46","4500","0","0","3.149","1128.94","128","51","0","2.061","145.207","144.734","33.851","36","2","1","36","2","951717","ViewMatrix","0","947284","1277","1","110818","31588","951717","1","0","0","0","51","51","0","0","0","0","2","0","0","0","2","3","0","0","0","552","0","0","0","0","0","0.013","2.436","0","0.013","0.26","0.003","0","0","0","0","2","0","1","2","0","2436","EntityScanListRead","0","2436","0","0","255","0","0","1","0","0","51","4096","0","0","0","0","0","0","0","0","0","0","0","1","1","10000","1","0","0","0","1","2000","52","51","0","0","1","2000","51","51","0","0","4","0","0","0","0","0","0","0","52","0","51","0","104","0","0","0","1","102","51","51","1","2000","51","51","0","0","0","4","0","0","1","2000","52","52","0","0","4","0","0","0","0","0","0","0","0","0","52","0","51","0","0","0","0","0.004","0","0","0","0","0","0","0","0","0","0","0","0","0","0","0","0","0","0","0","0","0","0","0","0","0","0","0","0","0","0","0","0","0","0","0","0","0","0","0.004","0","0","0","0","0","0","0","0","0","0","0","0","0","0","0","0","0","0","0","0","0","0","0","0","0","0","0","0","0","0x0","0","0","0x0","0","0","0","0","0x0","0x0","0x0","0","0","0","0","0","0","0","0x0","0x0","0x0","0x0","0x0","0","0","0","-1","0","0","0","0","0","0","0","0","0","0","0","0","0","0","0","0","0","0","0","0","0","0","0","0","0","0","0","0","0","0","0","0","0","0","0","0","0","0","0","0","0","0","0","0","0","0","0","0","0","0","0","0","0","0","0","0","0","0","0","0","0","0","0","0","0","0","0","0","0","0","0","0","0","0","0","0","0","0","0","0","0","0","0","552","1571","0","62.5","0","0","0","0","0","0","0","0","True","True","True","0","0.002","0","0","1920","1080","0","0","1920","1080","0","0","0","0","0","0","0","0","0","False","0","0","0","0","39294","1782","663","952725","2500","2579","93","46967","ViewMatrix","46967","0","0","0","0","91","30031","0","0","0","0","51","1759","0","0","51","1665","0","0","163","15246","0","0","51","1445","0","0","0","0","0","0","0","0","0","0","0","0","0","0","2168","46967","1.7886","0.008","1.7806","normal","False","False","True"
"2026/6/29 11:53:36","446.697","446.697","0","40","15.873","62.5","15","0","148","16","16","16","585","585","585","46","4778","0","0","3.234","1128.94","128","51","0","2.061","145.207","144.734","33.851","36","2","1","36","2","951717","ViewMatrix","0","947284","1277","1","110818","31588","951717","1","0","0","0","51","51","0","0","0","0","2","0","0","0","2","3","0","0","15","585","0","0","0","0","0","0.014","2.509","0.001","0.009","0.278","0.003","0","0","0","0","2","0","1","2","0","2508","EntityScanListRead","0","2508","0","0","272","0","0","1","0","0","51","4096","0","0","0","0","0","0","0","0","0","0","0","1","1","10000","1","0","0","0","1","2000","52","51","0","0","1","2000","51","51","0","0","4","0","0","0","0","0","0","0","52","0","51","0","104","0","0","0","1","102","51","51","1","2000","51","51","0","0","0","4","0","0","1","2000","52","52","0","0","4","0","0","0","0","0","0","0","0","0","52","0","51","0","0","0","0","0.005","0","0","0","0","0","0","0","0","0","0","0","0","0","0","0","0","0","0","0","0","0","0","0","0","0","0","0","0","0","0","0","0","0","0","0","0","0","0","0.005","0","0","0","0","0","0","0","0","0","0","0","0","0","0","0","0","0","0","0","0","0","0","0","0","0","0","0","0","0","0x0","0","0","0x0","0","0","0","0","0x0","0x0","0x0","0","0","0","0","0","0","0","0x0","0x0","0x0","0x0","0x0","0","0","0","-1","0","0","0","0","0","0","0","0","0","0","0","0","0","0","0","0","0","0","0","0","0","0","0","0","0","0","0","0","0","0","0","0","0","0","0","0","0","0","0","0","0","0","0","0","0","0","0","0","0","0","0","0","0","0","0","0","0","0","0","0","0","0","0","0","0","0","0","0","0","0","0","0","0","0","0","0","0","0","0","0","0","0","0","585","1652","0","66.666","0","0","0","0","0","0","0","0","True","True","True","0","0.002","0","0","1920","1080","0","0","1920","1080","0","0","0","0","0","0","0","0","0","False","0","0","0","0","41708","1880","645","952725","2500","2902","98","3009","EntityScanListRead","3009","0","0","1","914","91","3009","0","0","0","0","51","1326","0","0","51","1365","0","0","163","1408","0","0","51","1202","0","0","0","0","0","0","0","0","0","0","0","0","0","0","2474","2321","1.9014","0.0144","1.887","normal","False","False","True"
"2026/6/29 11:53:38","443.418","443.418","0","40","15.873","32.258","0","0","151","16","16","16","617","617","617","46","5057","0","0","3.252","1128.94","128","51","0","2.061","145.207","144.734","33.851","36","2","1","36","2","951717","ViewMatrix","0","947284","1277","1","110818","31588","951717","1","0","0","0","51","51","0","0","0","0","2","0","0","0","2","3","0","0","0","617","0","0","0","0","0","0.016","2.497","0","0.01","0.301","0.004","0","0","0","0","2","0","1","2","0","2497","EntityScanListRead","0","2497","0","0","290","0","0","1","0","0","51","4096","0","0","0","0","0","0","0","0","0","0","0","1","1","10000","1","0","0","0","1","2000","52","51","0","0","1","2000","51","51","0","0","4","0","0","0","0","0","0","0","52","0","51","0","104","0","0","0","1","102","51","51","1","2000","51","51","0","0","0","4","0","0","1","2000","52","52","0","0","4","0","0","0","0","0","0","0","0","0","52","0","51","0","0","0","0","0.003","0","0","0","0","0","0","0","0","0","0","0","0","0","0","0","0","0","0","0","0","0","0","0","0","0","0","0","0","0","0","0","0","0","0","0","0","0","0","0.003","0","0","0","0","0","0","0","0","0","0","0","0","0","0","0","0","0","0","0","0","0","0","0","0","0","0","0","0","0","0x0","0","0","0x0","0","0","0","0","0x0","0x0","0x0","0","0","0","0","0","0","0","0x0","0x0","0x0","0x0","0x0","0","0","0","-1","0","0","0","0","0","0","0","0","0","0","0","0","0","0","0","0","0","0","0","0","0","0","0","0","0","0","0","0","0","0","0","0","0","0","0","0","0","0","0","0","0","0","0","0","0","0","0","0","0","0","0","0","0","0","0","0","0","0","0","0","0","0","0","0","0","0","0","0","0","0","0","0","0","0","0","0","0","0","0","0","0","0","0","617","1733","0","62.5","0","0","0","0","0","0","0","0","True","True","True","0","0.002","0","0","1920","1080","0","0","1920","1080","0","0","0","0","0","0","0","0","0","False","0","0","0","0","44091","1973","628","952725","2500","2907","98","3051","EntityScanListRead","3051","0","0","0","0","91","3051","0","0","0","0","51","2175","0","0","51","948","0","0","163","1742","0","0","51","352","0","0","0","0","0","0","0","0","0","0","0","0","0","0","2480","2470","2.739","0.0096","2.7294","normal","False","False","True"
"2026/6/29 11:53:40","411.285","411.285","0","40","15.873","32.258","0","0","32.0179","3.72301","3.72301","3.72301","633","633","633","53","5166","0","0","7.981","1128.94","128","51","0","2.061","145.207","144.734","33.851","36","2","1","36","2","951717","ViewMatrix","0","947284","1277","1","110818","31588","951717","1","0","0","0","51","51","0","0","0","0","2","0","0","0","2","3","0","0","0","633","0","0","0","0","0","0.014","2.355","0","1.467","2.537","2.299","0","1.199","0","0","25","3","1","25","3","2353","EntityScanListRead","0","2353","389","250","287","406","2337","1","0","0","51","4096","0","4","0","0","0","0","4","0","0","0","4","1","1","10000","1","0","0","0","1","2000","52","51","0","0","1","2000","51","47","4","4","4","4","7","4","0","0","0","0","52","0","51","0","104","0","0","0","1","102","51","51","1","2000","51","40","4","4","11","4","4","7","1","2000","52","48","4","4","4","4","11","0","0","0","0","0","0","0","52","0","51","0","0","0","0","0.007","0","0","0","0","0","0","0","0","0","0","0","0","0","0","0","0","0","0","0","0","0","0","0","0","0","0","0","0","0","0","0","0","0","0","0","0","0","0","0.007","0","0","0","0","0","0","0","0","0","0","0","0","0","0","0","0","0","0","0","0","0","0","0","0","0","0","0","0","0","0x0","0","0","0x0","0","0","0","0","0x0","0x0","0x0","0","0","0","0","0","0","0","0x0","0x0","0x0","0x0","0x0","0","0","0","-1","0","0","0","0","0","0","0","0","0","0","0","0","0","0","0","0","0","0","0","0","0","0","0","0","0","0","0","0","0","0","0","0","0","0","0","0","0","0","0","0","0","0","0","0","0","0","0","0","0","0","0","0","0","0","0","0","0","0","0","0","0","0","0","0","0","0","0","0","0","0","0","0","0","0","0","0","0","0","0","0","0","0","0","633","1813","0","62.5","0","0","0","0","0","0","0","0","True","True","True","0","0.002","0","0","1920","1080","0","0","1920","1080","0","0","0","0","0","0","0","0","0","False","0","0","0","0","45251","2059","671","955052","2500","1672","86","955052","ViewMatrix","955052","0","0","0","0","75","930711","0","0","0","0","44","1461","0","0","44","31931","0","0","132","1371","0","0","40","110513","0","0","0","0","0","0","0","0","0","0","0","0","0","0","1337","955052","2.0042","0.0126","1.9916","normal","False","False","True"
"2026/6/29 11:53:42","439.088","439.088","0","40","15.873","32.258","15","0","160","16","16","16","665","665","665","53","5443","0","0","10.116","1128.94","128","51","0","2.061","145.207","144.734","33.851","36","2","1","36","2","951717","ViewMatrix","0","947284","1277","1","110818","31588","951717","1","0","0","0","51","51","0","0","0","0","2","0","0","0","2","3","0","0","15","665","0","0","0","0","0","0.014","2.423","0","2.998","3.254","3","0","0.998","0","0","31","3","1","31","3","2422","EntityScanListRead","0","2422","821","995","720","252","809","1","0","0","51","4096","0","4","0","0","0","0","4","0","0","0","4","1","1","10000","1","0","0","0","1","2000","52","51","0","0","1","2000","51","47","4","4","4","4","0","4","0","0","0","0","52","0","51","0","104","0","0","0","1","102","51","51","1","2000","51","47","4","4","4","4","4","0","1","2000","52","48","4","4","4","4","0","0","0","0","0","0","0","0","52","0","51","0","0","0","0","0.004","0","0","0","0","0","0","0","0","0","0","0","0","0","0","0","0","0","0","0","0","0","0","0","0","0","0","0","0","0","0","0","0","0","0","0","0","0","0","0.004","0","0","0","0","0","0","0","0","0","0","0","0","0","0","0","0","0","0","0","0","0","0","0","0","0","0","0","0","0","0x0","0","0","0x0","0","0","0","0","0x0","0x0","0x0","0","0","0","0","0","0","0","0x0","0x0","0x0","0x0","0x0","0","0","0","-1","0","0","0","0","0","0","0","0","0","0","0","0","0","0","0","0","0","0","0","0","0","0","0","0","0","0","0","0","0","0","0","0","0","0","0","0","0","0","0","0","0","0","0","0","0","0","0","0","0","0","0","0","0","0","0","0","0","0","0","0","0","0","0","0","0","0","0","0","0","0","0","0","0","0","0","0","0","0","0","0","0","0","0","665","1893","0","66.666","0","0","0","0","0","0","0","0","True","True","True","0","0.002","0","0","1920","1080","0","0","1920","1080","0","0","0","0","0","0","0","0","0","False","0","0","0","0","47624","2154","654","955052","2500","2981","121","110513","EntityScanComponentValidation","110513","0","0","0","0","91","17861","0","0","0","0","79","1923","0","0","79","31931","0","0","232","1231","0","0","80","110513","0","0","0","0","0","0","0","0","0","0","0","0","0","0","2400","109646","2.0712","0.0179","2.0533","normal","False","False","True"
"2026/6/29 11:53:44","418.168","418.168","0","40","15.873","32.258","0","0","161","16","16","16","697","697","697","53","5725","0","0","9.76","1128.94","128","51","0","2.061","145.207","144.734","33.851","36","2","1","36","2","951717","ViewMatrix","0","947284","1277","1","110818","31588","951717","1","0","0","0","51","51","0","0","0","0","2","0","0","0","2","3","0","0","0","697","0","0","0","0","0","0.013","2.483","0","2.923","2.922","2.655","0","0.953","0","0","32","4","1","32","4","2482","EntityScanListRead","0","2482","1697","2","299","244","528","1","0","0","51","4096","0","4","0","0","0","0","4","0","0","0","4","1","1","10000","1","0","0","0","1","2000","52","51","0","0","1","2000","51","47","4","4","4","4","0","4","0","0","0","0","52","0","51","0","104","0","0","0","1","102","51","51","1","2000","51","47","4","4","4","4","4","0","1","2000","52","48","4","4","4","4","0","0","0","0","0","0","0","0","52","0","51","0","0","0","0","0.005","0","0","0","0","0","0","0","0","0","0","0","0","0","0","0","0","0","0","0","0","0","0","0","0","0","0","0","0","0","0","0","0","0","0","0","0","0","0","0.005","0","0","0","0","0","0","0","0","0","0","0","0","0","0","0","0","0","0","0","0","0","0","0","0","0","0","0","0","0","0x0","0","0","0x0","0","0","0","0","0x0","0x0","0x0","0","0","0","0","0","0","0","0x0","0x0","0x0","0x0","0x0","0","0","0","-1","0","0","0","0","0","0","0","0","0","0","0","0","0","0","0","0","0","0","0","0","0","0","0","0","0","0","0","0","0","0","0","0","0","0","0","0","0","0","0","0","0","0","0","0","0","0","0","0","0","0","0","0","0","0","0","0","0","0","0","0","0","0","0","0","0","0","0","0","0","0","0","0","0","0","0","0","0","0","0","0","0","0","0","697","1974","0","62.5","0","0","0","0","0","0","0","0","True","True","True","0","0.002","0","0","1920","1080","0","0","1920","1080","0","0","0","0","0","0","0","0","0","False","0","0","0","0","49986","2244","639","955052","2500","3006","113","3233","EntityScanListRead","3233","0","0","0","0","91","3233","0","0","0","0","75","1697","0","0","75","995","0","0","223","1708","0","0","76","1005","0","0","0","0","0","0","0","0","0","0","0","0","0","0","2466","2352","2.5778","0.0079","2.5699","normal","False","False","True"
"2026/6/29 11:53:46","455.729","455.729","0","40","16.129","62.5","0","0","158","16","16","16","728","728","728","53","5994","0","0","30.347","1128.94","128","51","0","2.061","145.207","144.734","33.851","36","2","1","36","2","951717","ViewMatrix","0","947284","1277","1","110818","31588","951717","1","0","0","0","51","51","0","0","0","0","2","0","0","0","2","3","0","0","0","728","0","0","0","0","0","0.023","2.433","0","8.572","17.981","17.749","0","0.912","0","0.001","32","3","1","32","3","15342","ViewMatrix","0","2433","6241","553","14890","247","15342","1","0","0","51","4096","0","4","0","0","0","0","4","0","0","0","4","1","1","10000","1","0","0","0","1","2000","52","51","0","0","1","2000","51","47","4","4","4","4","0","4","0","0","0","0","52","0","51","0","104","0","0","0","1","102","51","51","1","2000","51","43","4","4","8","4","4","4","1","2000","52","48","4","4","4","4","4","0","0","0","0","0","0","0","52","0","51","0","0","0","0","0.004","0","0","0","0","0","0","0","0","0","0","0","0","0","0","0","0","0","0","0","0","0","0","0","0","0","0","0","0","0","0","0","0","0","0","0","0","0","0","0.004","0","0","0","0","0","0","0","0","0","0","0","0","0","0","0","0","0","0","0","0","0","0","0","0","0","0","0","0","0","0x0","0","0","0x0","0","0","0","0","0x0","0x0","0x0","0","0","0","0","0","0","0","0x0","0x0","0x0","0x0","0x0","0","0","0","-1","0","0","0","0","0","0","0","0","0","0","0","0","0","0","0","0","0","0","0","0","0","0","0","0","0","0","0","0","0","0","0","0","0","0","0","0","0","0","0","0","0","0","0","0","0","0","0","0","0","0","0","0","0","0","0","0","0","0","0","0","0","0","0","0","0","0","0","0","0","0","0","0","0","0","0","0","0","0","0","0","0","0","0","729","2055","0","62.5","78","0","0","0","0","0","0","0","True","True","True","0","0.002","0","0","1920","1080","0","0","1920","1080","0","0","0","0","0","0","0","0","0","False","0","0","0","0","52179","2330","628","955052","2500","2828","106","32059","ViewMatrix","32059","0","0","1","922","90","7688","0","0","0","0","67","6241","0","0","67","1676","0","0","201","14890","0","0","68","1915","0","0","0","0","0","0","0","0","0","0","0","0","0","0","2334","32059","1.7907","0.0105","1.7802","normal","False","False","True"
"2026/6/29 11:53:48","428.983","428.983","0","40","10.638","62.5","15","0","41","29","10","10","739","739","739","72","6008","0","0","10.95","1128.94","128","51","0","2.061","145.207","144.734","33.851","36","2","1","36","2","951717","ViewMatrix","0","947284","1277","1","110818","31588","951717","1","0","0","0","51","51","0","0","0","0","2","0","0","0","2","3","0","0","0","739","0","0","0","0","0","0.011","2.52","0","2.128","4.792","4.536","0.001","1.047","0","0.001","32","3","1","32","3","2519","EntityScanListRead","0","2519","540","493","1030","291","750","1","0","0","51","4096","0","4","0","0","0","0","4","0","0","0","4","1","1","10000","1","0","0","0","1","2000","52","51","0","0","1","2000","51","47","4","4","4","4","7","4","0","0","0","0","52","0","51","0","104","0","0","0","1","102","51","51","1","2000","51","40","4","4","11","4","4","7","1","2000","52","48","4","4","4","4","7","0","0","0","0","0","0","0","52","0","51","0","0","0","0","0.004","0","0","0","0","0","0","0","0","0","0","0","0","0","0","0","0","0","0","0","0","0","0","0","0","0","0","0","0","0","0","0","0","0","0","0","0","0","0","0.004","0","0","0","0","0","0","0","0","0","0","0","0","0","0","0","0","0","0","0","0","0","0","0","0","0","0","0","0","0","0x0","0","0","0x0","0","0","0","0","0x0","0x0","0x0","0","0","0","0","0","0","0","0x0","0x0","0x0","0x0","0x0","0","0","0","-1","0","0","0","0","0","0","0","0","0","0","0","0","0","0","0","0","0","0","0","0","0","0","0","0","0","0","0","0","0","0","0","0","0","0","0","0","0","0","0","0","0","0","0","0","0","0","0","0","0","0","0","0","0","0","0","0","0","0","0","0","0","0","0","0","0","0","0","0","0","0","0","0","0","0","0","0","0","0","0","0","0","0","0","740","2135","0","66.666","0","0","0","0","0","0","0","0","True","True","True","0","0.002","0","0","1920","1080","0","0","1920","1080","0","0","0","0","0","0","0","0","0","False","0","0","0","0","52833","2425","690","955052","2500","1168","111","950485","ViewMatrix","950485","0","0","0","0","70","933597","0","0","0","0","68","63017","0","0","68","3089","0","0","174","39966","0","0","64","110772","0","0","0","0","0","0","0","0","0","0","0","0","0","0","704","950485","2.6555","0.0173","2.6382","normal","False","False","True"
"2026/6/29 11:53:50","425.231","425.231","0","40","15.873","32.258","0","0","141.872","15.7635","15.7635","15.7635","771","771","771","73","6276","0","0","71.31","1128.94","128","51","0","2.061","145.207","144.734","33.851","36","2","1","36","2","951717","ViewMatrix","0","947284","1277","1","110818","31588","951717","1","0","0","0","51","51","0","0","0","0","2","0","0","0","2","3","0","0","16","771","0","0","0","0","0","0.016","27.277","0","34.68","4.818","4.326","0","4.075","0","0.001","41","3","1","41","3","31777","EntityScanRecordPoolId","0","27276","1308","31777","558","2565","31518","1","0","0","51","4096","0","4","0","0","0","0","4","0","0","0","4","1","1","10000","1","0","0","0","1","2000","52","51","0","0","1","2000","51","47","4","4","4","4","0","4","0","0","0","0","52","0","51","0","104","0","0","0","1","102","51","51","1","2000","51","43","4","4","8","4","4","4","1","2000","52","48","4","4","4","4","4","0","0","0","0","0","0","0","52","0","51","0","0","0","0","0.004","0","0","0","0","0","0","0","0","0","0","0","0","0","0","0","0","0","0","0","0","0","0","0","0","0","0","0","0","0","0","0","0","0","0","0","0","0","0","0.004","0","0","0","0","0","0","0","0","0","0","0","0","0","0","0","0","0","0","0","0","0","0","0","0","0","0","0","0","0","0x0","0","0","0x0","0","0","0","0","0x0","0x0","0x0","0","0","0","0","0","0","0","0x0","0x0","0x0","0x0","0x0","0","0","0","-1","0","0","0","0","0","0","0","0","0","0","0","0","0","0","0","0","0","0","0","0","0","0","0","0","0","0","0","0","0","0","0","0","0","0","0","0","0","0","0","0","0","0","0","0","0","0","0","0","0","0","0","0","0","0","0","0","0","0","0","0","0","0","0","0","0","0","0","0","0","0","0","0","0","0","0","0","0","0","0","0","0","0","0","771","2216","0","62.5","0","0","0","0","0","0","0","0","True","True","True","0","0.002","0","0","1920","1080","0","0","1920","1080","0","0","0","0","0","0","0","0","0","False","0","0","0","0","55121","2514","678","955052","2500","2658","112","45949","ViewMatrix","45949","0","0","0","0","89","39064","0","0","0","0","75","27999","0","0","75","31777","0","0","208","26948","0","0","71","10428","0","0","0","0","0","0","0","0","0","0","0","0","0","0","2136","45949","2.0118","0.0088","2.003","normal","False","False","True"
"2026/6/29 11:53:52","463.156","463.156","0","40","15.873","62.5","0","0","150","16","16","16","804","804","804","73","6550","0","0","10.075","1128.94","128","51","0","2.061","145.207","144.734","33.851","36","2","1","36","2","951717","ViewMatrix","0","947284","1277","1","110818","31588","951717","1","0","0","0","51","51","0","0","0","0","2","0","0","0","2","3","0","0","0","804","0","0","0","0","0","0.015","2.425","0","1.31","4.84","4.374","0","1.071","0","0","33","3","1","33","3","2424","EntityScanListRead","0","2424","268","294","1261","360","973","1","0","0","51","4096","0","4","0","0","0","0","4","0","0","0","4","1","1","10000","1","0","0","0","1","2000","52","51","0","0","1","2000","51","47","4","4","4","4","0","4","0","0","0","0","52","0","51","0","104","0","0","0","1","102","51","51","1","2000","51","47","4","4","4","4","4","0","1","2000","52","48","4","4","4","4","0","0","0","0","0","0","0","0","52","0","51","0","0","0","0","0.004","0","0","0","0","0","0","0","0","0","0","0","0","0","0","0","0","0","0","0","0","0","0","0","0","0","0","0","0","0","0","0","0","0","0","0","0","0","0","0.004","0","0","0","0","0","0","0","0","0","0","0","0","0","0","0","0","0","0","0","0","0","0","0","0","0","0","0","0","0","0x0","0","0","0x0","0","0","0","0","0x0","0x0","0x0","0","0","0","0","0","0","0","0x0","0x0","0x0","0x0","0x0","0","0","0","-1","0","0","0","0","0","0","0","0","0","0","0","0","0","0","0","0","0","0","0","0","0","0","0","0","0","0","0","0","0","0","0","0","0","0","0","0","0","0","0","0","0","0","0","0","0","0","0","0","0","0","0","0","0","0","0","0","0","0","0","0","0","0","0","0","0","0","0","0","0","0","0","0","0","0","0","0","0","0","0","0","0","0","0","804","2297","0","62.5","0","0","0","0","0","0","0","0","True","True","True","0","0.002","0","0","1920","1080","0","0","1920","1080","0","0","0","0","0","0","0","0","0","False","0","0","0","0","57526","2612","664","955052","2500","2952","117","31777","EntityScanRecordPoolId","31777","0","0","0","0","91","27276","0","0","0","0","75","1742","0","0","75","31777","0","0","210","1739","0","0","71","2565","0","0","0","0","0","0","0","0","0","0","0","0","0","0","2410","31518","1.6971","0.0089","1.6882","normal","False","False","True"
"2026/6/29 11:53:54","414.243","414.243","0","40","15.873","62.5","15","0","151","16","16","16","836","836","836","73","6829","0","0","3.132","1128.94","128","51","0","2.061","145.207","144.734","33.851","36","2","1","36","2","951717","ViewMatrix","0","947284","1277","1","110818","31588","951717","1","0","0","0","51","51","0","0","0","0","2","0","0","0","2","3","0","0","0","836","0","0","0","0","0","0.014","2.41","0","0.013","0.266","0.003","0","0","0","0","4","0","1","4","0","2409","EntityScanListRead","0","2409","0","0","260","0","249","1","0","0","51","4096","0","0","0","0","0","0","0","0","0","0","0","1","1","10000","1","0","0","0","1","2000","52","51","0","0","1","2000","51","51","0","0","4","0","0","0","0","0","0","0","52","0","51","0","104","0","0","0","1","102","51","51","1","2000","51","51","0","0","0","4","0","0","1","2000","52","52","0","0","4","0","0","0","0","0","0","0","0","0","52","0","51","0","0","0","0","0.004","0","0","0","0","0","0","0","0","0","0","0","0","0","0","0","0","0","0","0","0","0","0","0","0","0","0","0","0","0","0","0","0","0","0","0","0","0","0","0.004","0","0","0","0","0","0","0","0","0","0","0","0","0","0","0","0","0","0","0","0","0","0","0","0","0","0","0","0","0","0x0","0","0","0x0","0","0","0","0","0x0","0x0","0x0","0","0","0","0","0","0","0","0x0","0x0","0x0","0x0","0x0","0","0","0","-1","0","0","0","0","0","0","0","0","0","0","0","0","0","0","0","0","0","0","0","0","0","0","0","0","0","0","0","0","0","0","0","0","0","0","0","0","0","0","0","0","0","0","0","0","0","0","0","0","0","0","0","0","0","0","0","0","0","0","0","0","0","0","0","0","0","0","0","0","0","0","0","0","0","0","0","0","0","0","0","0","0","0","0","836","2377","0","66.666","0","0","0","0","0","0","0","0","True","True","True","0","0.002","0","0","1920","1080","0","0","1920","1080","0","0","0","0","0","0","0","0","0","False","0","0","0","0","59885","2702","651","955052","2500","2978","109","2970","EntityScanListRead","2970","0","0","0","0","91","2970","0","0","0","0","71","1693","0","0","71","1169","0","0","199","1699","0","0","67","735","0","0","0","0","0","0","0","0","0","0","0","0","0","0","2479","2386","2.1421","0.0174","2.1247","normal","False","False","True"
"2026/6/29 11:53:56","407.968","407.968","0","40","15.873","32.258","0","0","156","16","16","16","854","854","854","73","6989","0","0","5.402","1128.94","128","51","0","2.061","145.207","144.734","33.851","36","2","1","36","2","951717","ViewMatrix","0","947284","1277","1","110818","31588","951717","1","0","0","0","51","51","0","0","0","0","2","0","0","0","2","3","0","0","0","854","0","0","0","0","0","0.017","2.604","0","0.009","1.654","0.002","0","0.691","0","0","13","0","1","13","0","2604","EntityScanListRead","0","2604","0","0","1650","232","753","1","0","0","51","4096","0","0","0","0","0","0","0","0","0","0","0","1","1","10000","1","0","0","0","1","2000","52","51","0","0","1","2000","51","51","0","0","4","0","0","0","0","0","0","0","52","0","51","0","104","0","0","0","1","102","51","51","1","2000","51","51","0","0","0","4","0","0","1","2000","52","49","3","3","4","3","0","0","0","0","0","0","0","0","52","0","51","0","0","0","0","0.005","0","0","0","0","0","0","0","0","0","0","0","0","0","0","0","0","0","0","0","0","0","0","0","0","0","0","0","0","0","0","0","0","0","0","0","0","0","0","0.005","0","0","0","0","0","0","0","0","0","0","0","0","0","0","0","0","0","0","0","0","0","0","0","0","0","0","0","0","0","0x0","0","0","0x0","0","0","0","0","0x0","0x0","0x0","0","0","0","0","0","0","0","0x0","0x0","0x0","0x0","0x0","0","0","0","-1","0","0","0","0","0","0","0","0","0","0","0","0","0","0","0","0","0","0","0","0","0","0","0","0","0","0","0","0","0","0","0","0","0","0","0","0","0","0","0","0","0","0","0","0","0","0","0","0","0","0","0","0","0","0","0","0","0","0","0","0","0","0","0","0","0","0","0","0","0","0","0","0","0","0","0","0","0","0","0","0","0","0","0","855","2458","0","62.5","906","0","0","0","0","0","0","0","True","True","True","0","0.002","0","0","1920","1080","0","0","1920","1080","0","0","0","0","0","0","0","0","0","False","0","0","0","0","61162","2771","644","955052","2500","1880","85","15053","ViewMatrix","15053","0","0","1","1537","77","2858","0","0","0","0","35","1611","0","0","35","993","0","0","113","1650","0","0","39","730","0","0","0","0","0","0","0","0","0","0","0","0","0","0","1560","15053","2.674","0.0102","2.6638","normal","False","False","True"
"2026/6/29 11:53:58","461.539","461.539","0","40","15.873","32.258","15","0","148","18","16","16","884","884","884","75","7231","0","0","3.142","1128.94","128","51","0","2.061","145.207","144.734","33.851","36","2","1","36","2","951717","ViewMatrix","0","947284","1277","1","110818","31588","951717","1","0","0","0","51","51","0","0","0","0","2","0","0","0","2","3","0","0","15","884","0","0","0","0","0","0.017","2.445","0","0.004","0.269","0.002","0","0","0","0","2","0","1","2","0","2444","EntityScanListRead","0","2444","0","0","265","0","0","1","0","0","51","4096","0","0","0","0","0","0","0","0","0","0","0","1","1","10000","1","0","0","0","1","2000","52","51","0","0","1","2000","51","51","0","0","4","0","0","0","0","0","0","0","52","0","51","0","104","0","0","0","1","102","51","51","1","2000","51","51","0","0","0","4","0","0","1","2000","52","52","0","0","4","0","0","0","0","0","0","0","0","0","52","0","51","0","0","0","0","0.005","0","0","0","0.001","0","0","0","0","0","0","0","0","0","0","0","0","0","0","0","0","0","0","0","0","0","0","0","0","0","0","0","0","0","0","0","0","0","0","0.004","0","0","0","0","0","0","0","0","0","0","0","0","0","0","0","0","0","0","0","0","0","0","0","0","0","0","0","0","0","0x0","0","0","0x0","0","0","0","0","0x0","0x0","0x0","0","0","0","0","0","0","0","0x0","0x0","0x0","0x0","0x0","0","0","0","-1","0","0","0","0","0","0","0","0","0","0","0","0","0","0","0","0","0","0","0","0","0","0","0","0","0","0","0","0","0","0","0","0","0","0","0","0","0","0","0","0","0","0","0","0","0","0","0","0","0","0","0","0","0","0","0","0","0","0","0","0","0","0","0","0","0","0","0","0","0","0","0","0","0","0","0","0","0","0","0","0","0","0","0","884","2538","0","66.666","0","0","0","0","0","0","0","0","True","True","True","0","0.002","0","0","1920","1080","0","0","1920","1080","0","0","0","0","0","0","0","0","0","False","0","0","0","0","63333","2864","669","955052","2500","2191","98","951466","ViewMatrix","951466","0","0","0","0","81","910549","0","0","0","0","51","1744","0","0","51","1457","0","0","153","111440","0","0","51","32449","0","0","0","0","0","0","0","0","0","0","0","0","0","0","1784","951466","2.0245","0.0098","2.0147","normal","False","False","True"
"2026/6/29 11:54:00","445.535","445.535","0","40","15.873","32.258","0","0","149","16","16","16","916","916","916","75","7509","0","0","3.737","1128.94","128","51","0","2.061","145.207","144.734","33.851","36","2","1","36","2","951717","ViewMatrix","0","947284","1277","1","110818","31588","951717","1","0","0","0","51","51","0","0","0","0","2","0","0","0","2","3","0","0","0","916","0","0","0","0","0","0.017","2.53","0","0.008","0.752","0.006","0","0.001","0","0","2","0","1","2","0","2529","EntityScanListRead","0","2529","0","0","743","0","0","1","0","0","51","4096","0","0","0","0","0","0","0","0","0","0","0","1","1","10000","1","0","0","0","1","2000","52","51","0","0","1","2000","51","51","0","0","4","0","0","0","0","0","0","0","52","0","51","0","104","0","0","0","1","102","51","51","1","2000","51","51","0","0","0","4","0","0","1","2000","52","52","0","0","4","0","0","0","0","0","0","0","0","0","52","0","51","0","0","0","0","0.002","0","0","0","0","0","0","0","0","0","0","0","0","0","0","0","0","0","0","0","0","0","0","0","0","0","0","0","0","0","0","0","0","0","0","0","0","0","0","0.002","0","0","0","0","0","0","0","0","0","0","0","0","0","0","0","0","0","0","0","0","0","0","0","0","0","0","0","0","0","0x0","0","0","0x0","0","0","0","0","0x0","0x0","0x0","0","0","0","0","0","0","0","0x0","0x0","0x0","0x0","0x0","0","0","0","-1","0","0","0","0","0","0","0","0","0","0","0","0","0","0","0","0","0","0","0","0","0","0","0","0","0","0","0","0","0","0","0","0","0","0","0","0","0","0","0","0","0","0","0","0","0","0","0","0","0","0","0","0","0","0","0","0","0","0","0","0","0","0","0","0","0","0","0","0","0","0","0","0","0","0","0","0","0","0","0","0","0","0","0","916","2619","0","62.5","0","0","0","0","0","0","0","0","True","True","True","0","0.002","0","0","1920","1080","0","0","1920","1080","0","0","0","0","0","0","0","0","0","False","0","0","0","0","65708","2957","657","955052","2500","2879","93","3069","EntityScanListRead","3069","0","0","0","0","91","3069","0","0","0","0","51","1261","0","0","51","1230","0","0","163","1400","0","0","51","971","0","0","0","0","0","0","0","0","0","0","0","0","0","0","2472","2332","3.047","0.0126","3.0344","normal","False","False","True"
"2026/6/29 11:54:02","444.478","444.478","0","40","15.873","62.5","0","0","147","16","16","16","936","936","936","75","7679","0","0","3.879","1128.94","128","51","0","2.061","145.207","144.734","33.851","36","2","1","36","2","951717","ViewMatrix","0","947284","1277","1","110818","31588","951717","1","0","0","0","51","51","0","0","0","0","2","0","0","0","2","3","0","0","0","936","0","0","0","0","0","0.013","2.488","0","0.013","0.271","0.002","0","0.691","0","0","5","0","1","5","0","2487","EntityScanListRead","0","2487","0","0","266","235","0","1","0","0","51","4096","0","0","0","0","0","0","0","0","0","0","0","1","1","10000","1","0","0","0","1","2000","52","51","0","0","1","2000","51","51","0","0","4","0","0","0","0","0","0","0","52","0","51","0","104","0","0","0","1","102","51","51","1","2000","51","51","0","0","0","4","0","0","1","2000","52","49","3","3","4","3","0","0","0","0","0","0","0","0","52","0","51","0","0","0","0","0.006","0","0","0","0","0","0","0","0","0","0","0","0","0","0","0","0","0","0","0","0","0","0","0","0","0","0","0","0","0","0","0","0","0","0","0","0","0","0","0.006","0","0","0","0","0","0","0","0","0","0","0","0","0","0","0","0","0","0","0","0","0","0","0","0","0","0","0","0","0","0x0","0","0","0x0","0","0","0","0","0x0","0x0","0x0","0","0","0","0","0","0","0","0x0","0x0","0x0","0x0","0x0","0","0","0","-1","0","0","0","0","0","0","0","0","0","0","0","0","0","0","0","0","0","0","0","0","0","0","0","0","0","0","0","0","0","0","0","0","0","0","0","0","0","0","0","0","0","0","0","0","0","0","0","0","0","0","0","0","0","0","0","0","0","0","0","0","0","0","0","0","0","0","0","0","0","0","0","0","0","0","0","0","0","0","0","0","0","0","0","937","2700","0","62.5","750","0","0","0","0","0","0","0","True","True","True","0","0.002","0","0","1920","1080","0","0","1920","1080","0","0","0","0","0","0","0","0","0","False","0","0","0","0","67327","3055","649","955052","2500","2123","98","15266","ViewMatrix","15266","0","0","0","0","79","2875","0","0","0","0","51","1214","0","0","51","584","0","0","151","1490","0","0","51","832","0","0","0","0","0","0","0","0","0","0","0","0","0","0","1720","15266","2.3295","0.0108","2.3187","normal","False","False","True"
"2026/6/29 11:54:04","429.739","429.739","0","40","16.129","62.5","15","0","121","18","15","15","964","964","964","78","7897","0","0","3.882","1128.94","128","51","0","2.061","145.207","144.734","33.851","36","2","1","36","2","951717","ViewMatrix","0","947284","1277","1","110818","31588","951717","1","0","0","0","51","51","0","0","0","0","2","0","0","0","2","3","0","0","0","964","0","0","0","0","0","0.015","2.334","0","0.026","1.084","0.006","0","0.001","0","0","8","0","1","8","0","2333","EntityScanListRead","0","2333","0","0","1071","0","2292","1","0","0","51","4096","0","0","0","0","0","0","0","0","0","0","0","1","1","10000","1","0","0","0","1","2000","52","51","0","0","1","2000","51","51","0","0","4","0","0","0","0","0","0","0","52","0","51","0","104","0","0","0","1","102","51","51","1","2000","51","51","0","0","0","4","0","0","1","2000","52","52","0","0","4","0","0","0","0","0","0","0","0","0","52","0","51","0","0","0","0","0.004","0","0","0","0","0","0","0","0","0","0","0","0","0","0","0","0","0","0","0","0","0","0","0","0","0","0","0","0","0","0","0","0","0","0","0","0","0","0","0.004","0","0","0","0","0","0","0","0","0","0","0","0","0","0","0","0","0","0","0","0","0","0","0","0","0","0","0","0","0","0x0","0","0","0x0","0","0","0","0","0x0","0x0","0x0","0","0","0","0","0","0","0","0x0","0x0","0x0","0x0","0x0","0","0","0","-1","0","0","0","0","0","0","0","0","0","0","0","0","0","0","0","0","0","0","0","0","0","0","0","0","0","0","0","0","0","0","0","0","0","0","0","0","0","0","0","0","0","0","0","0","0","0","0","0","0","0","0","0","0","0","0","0","0","0","0","0","0","0","0","0","0","0","0","0","0","0","0","0","0","0","0","0","0","0","0","0","0","0","0","964","2780","0","62.5","15","0","0","0","0","0","0","0","True","True","True","0.002","0.002","0","0","1920","1080","0","0","1920","1080","0","0","0","0","0","0","0","0","0","False","0","0","0","0","69318","3148","673","955052","2500","1991","93","951650","ViewMatrix","951650","0","0","0","0","79","946712","0","0","0","0","51","1563","0","0","51","986","0","0","151","2147","0","0","51","33042","0","0","0","0","0","0","0","0","0","0","0","0","0","0","1608","951650","1.7176","0.0107","1.7069","normal","False","False","True"
"2026/6/29 11:54:06","414.137","414.137","0","40","15.873","32.258","0","0","148","16","16","16","995","995","995","78","8161","0","0","9.845","1128.94","128","51","0","2.061","145.207","144.734","33.851","36","2","1","36","2","951717","ViewMatrix","0","947284","1277","1","110818","31588","951717","1","0","0","0","51","51","0","0","0","0","2","0","0","0","2","3","0","0","0","995","0","0","0","0","0","0.016","9.064","0.001","0.012","0.323","0.002","0","0.002","0","0","5","0","1","5","0","40951","ViewMatrix","0","9063","0","0","318","0","40951","1","0","0","51","4096","0","0","0","0","0","0","0","0","0","0","0","1","1","10000","1","0","0","0","1","2000","52","51","0","0","1","2000","51","51","0","0","4","0","0","0","0","0","0","0","52","0","51","0","104","0","0","0","1","102","51","51","1","2000","51","51","0","0","0","4","0","0","1","2000","52","52","0","0","4","0","0","0","0","0","0","0","0","0","52","0","51","0","0","0","0","0.005","0","0","0","0","0","0","0","0","0","0","0","0","0","0","0","0","0","0","0","0","0","0","0","0","0","0","0","0","0","0","0","0","0","0","0","0","0","0","0.005","0","0","0","0","0","0","0","0","0","0","0","0","0","0","0","0","0","0","0","0","0","0","0","0","0","0","0","0","0","0x0","0","0","0x0","0","0","0","0","0x0","0x0","0x0","0","0","0","0","0","0","0","0x0","0x0","0x0","0x0","0x0","0","0","0","-1","0","0","0","0","0","0","0","0","0","0","0","0","0","0","0","0","0","0","0","0","0","0","0","0","0","0","0","0","0","0","0","0","0","0","0","0","0","0","0","0","0","0","0","0","0","0","0","0","0","0","0","0","0","0","0","0","0","0","0","0","0","0","0","0","0","0","0","0","0","0","0","0","0","0","0","0","0","0","0","0","0","0","0","996","2861","0","62.5","78","0","0","0","0","0","0","0","True","True","True","0","0.002","0","0","1920","1080","0","0","1920","1080","0","0","0","0","0","0","0","0","0","False","0","0","0","0","71578","3246","663","955052","2500","2756","98","40951","ViewMatrix","40951","0","0","1","827","90","9063","0","0","0","0","51","947","0","0","51","999","0","0","162","15729","0","0","51","1162","0","0","0","0","0","0","0","0","0","0","0","0","0","0","2335","40951","3.4134","0.0119","3.4015","normal","False","False","True"
