"captured_at","fps","render_fps","entity_count","entity_process_hz","entity_scan_hz","entity_publish_hz","entity_publish_age_ms","entity_publish_count","scan_loop_hz","scan_due_hz","scan_started_hz","scan_completed_hz","scan_failed_count","scan_publish_attempt_count","scan_publish_success_count","scan_skip_pending_count","scan_skip_not_due_count","scan_skip_stable_topology_count","scan_overwritten_count","scan_get_ow_entities_ms","scan_max_get_ow_entities_ms","scan_max_get_ow_entities_generation","scan_max_get_ow_entities_records","scan_max_get_ow_entities_pairs","scan_max_record_build_ms","scan_max_match_link_ms","scan_max_cn_ne_target_map_ms","scan_max_component_only_validation_ms","scan_max_dma_reads_delta","scan_max_dma_fail_delta","scan_max_dma_range_diag_enabled","scan_max_dma_range_reads","scan_max_dma_range_failed","scan_max_dma_range_max_latency_us","scan_max_dma_range_max_callsite","scan_max_dma_range_scanner_reads","scan_max_dma_range_scanner_max_latency_us","scan_max_dma_range_scanner_max_callsite","scan_max_dma_range_foreign_reads","scan_max_dma_range_foreign_max_latency_us","scan_max_dma_range_foreign_max_callsite","scan_max_dma_range_root_max_us","scan_max_dma_range_list_read_max_us","scan_max_dma_range_record_header_max_us","scan_max_dma_range_record_pool_id_max_us","scan_max_dma_range_target_map_max_us","scan_max_dma_range_component_validation_max_us","scan_max_dma_range_viewmatrix_max_us","scan_max_cn_ne_entity_list_root_cache_hit_count","scan_max_cn_ne_entity_list_root_cache_read_count","scan_max_cn_ne_entity_list_root_cache_store_count","scan_max_cn_ne_entity_list_root_cache_expired_count","scan_max_list_read_skipped_count","scan_max_cn_ne_entity_list_read_negative_cache_hit_count","scan_max_cn_ne_entity_list_read_negative_cache_store_count","scan_max_cn_ne_entity_list_read_negative_cache_expired_count","scan_max_record_match_id_direct_read_count","scan_max_record_match_id_direct_zero_count","scan_max_record_match_id_header_hit_count","scan_max_record_match_id_header_miss_count","scan_max_record_match_id_header_match_count","scan_max_record_match_id_header_mismatch_count","scan_max_record_match_id_header_use_count","scan_max_persistent_refresh_count","scan_max_persistent_stale_hit_count","scan_result_raw_count","scan_pending_age_ms","scan_generation","scan_cold_topology_enabled","scan_topology_rescan_request_count","scan_topology_count_probe_count","scan_topology_count_probe_change_count","scan_topology_candidate_count","scan_root_ms","scan_list_read_ms","scan_slot_walk_ms","scan_record_build_ms","scan_match_link_ms","scan_cn_ne_target_map_ms","scan_cn_ne_self_validation_ms","scan_component_only_validation_ms","scan_dynamic_pair_ms","scan_finalize_ms","scan_dma_reads_delta","scan_dma_fail_delta","scan_dma_range_diag_enabled","scan_dma_range_reads","scan_dma_range_failed","scan_dma_range_max_latency_us","scan_dma_range_max_callsite","scan_dma_range_scanner_reads","scan_dma_range_scanner_max_latency_us","scan_dma_range_scanner_max_callsite","scan_dma_range_foreign_reads","scan_dma_range_foreign_max_latency_us","scan_dma_range_foreign_max_callsite","scan_dma_range_root_max_us","scan_dma_range_list_read_max_us","scan_dma_range_record_header_max_us","scan_dma_range_record_pool_id_max_us","scan_dma_range_target_map_max_us","scan_dma_range_component_validation_max_us","scan_dma_range_viewmatrix_max_us","scan_list_read_count","scan_list_read_fail_count","scan_list_fallback_read_count","scan_list_read_skipped_count","scan_cn_ne_entity_list_chunk_size","scan_record_add_attempt_count","scan_record_duplicate_count","scan_record_header_read_count","scan_record_header_fail_count","scan_record_remote_fallback_read_count","scan_record_match_id_direct_read_count","scan_record_match_id_direct_zero_count","scan_record_match_id_header_hit_count","scan_record_match_id_header_miss_count","scan_record_match_id_header_match_count","scan_record_match_id_header_mismatch_count","scan_record_match_id_header_use_count","scan_cn_ne_record_match_id_from_header_enabled","scan_cn_ne_entity_list_root_cache_enabled","scan_cn_ne_entity_list_root_cache_ttl_ms","scan_cn_ne_entity_list_root_cache_hit_count","scan_cn_ne_entity_list_root_cache_read_count","scan_cn_ne_entity_list_root_cache_store_count","scan_cn_ne_entity_list_root_cache_expired_count","scan_cn_ne_entity_list_read_negative_cache_enabled","scan_cn_ne_entity_list_read_negative_cache_ttl_ms","scan_cn_ne_entity_list_read_negative_cache_lookup_count","scan_cn_ne_entity_list_read_negative_cache_hit_count","scan_cn_ne_entity_list_read_negative_cache_store_count","scan_cn_ne_entity_list_read_negative_cache_expired_count","scan_cn_ne_record_snapshot_cache_enabled","scan_cn_ne_record_snapshot_cache_ttl_ms","scan_cn_ne_record_snapshot_cache_lookup_count","scan_cn_ne_record_snapshot_cache_hit_count","scan_cn_ne_record_snapshot_cache_store_count","scan_cn_ne_record_snapshot_cache_expired_count","scan_cn_ne_record_snapshot_cache_refresh_budget","scan_cn_ne_record_snapshot_cache_refresh_count","scan_cn_ne_record_snapshot_cache_stale_hit_count","scan_pool_id_read_count","scan_match_lookup_count","scan_match_lookup_hit_count","scan_add_pair_attempt_count","scan_add_pair_duplicate_count","scan_link_decrypt_attempt_count","scan_link_decrypt_success_count","scan_playable_validation_attempt_count","scan_playable_validation_success_count","scan_cn_ne_map_candidate_count","scan_cn_ne_target_map_attempt_count","scan_cn_ne_target_map_success_count","scan_cn_ne_bucket_entry_scan_count","scan_cn_ne_map_candidate_cache_enabled","scan_cn_ne_map_candidate_cache_lookup_count","scan_cn_ne_map_candidate_cache_hit_count","scan_cn_ne_map_candidate_cache_miss_count","scan_cn_ne_map_candidate_persistent_cache_enabled","scan_cn_ne_map_candidate_persistent_cache_ttl_ms","scan_cn_ne_map_candidate_persistent_cache_lookup_count","scan_cn_ne_map_candidate_persistent_cache_hit_count","scan_cn_ne_map_candidate_persistent_cache_miss_count","scan_cn_ne_map_candidate_persistent_cache_store_count","scan_cn_ne_map_candidate_persistent_cache_expired_count","scan_cn_ne_map_candidate_persistent_cache_refresh_budget","scan_cn_ne_map_candidate_persistent_cache_refresh_count","scan_cn_ne_map_candidate_persistent_cache_stale_hit_count","scan_cn_ne_component_negative_cache_enabled","scan_cn_ne_component_negative_cache_ttl_ms","scan_cn_ne_component_negative_cache_lookup_count","scan_cn_ne_component_negative_cache_hit_count","scan_cn_ne_component_negative_cache_store_count","scan_cn_ne_component_negative_cache_expired_count","scan_cn_ne_component_negative_cache_refresh_budget","scan_cn_ne_component_negative_cache_refresh_count","scan_cn_ne_component_negative_cache_stale_hit_count","scan_cn_ne_map_diag_enabled","scan_cn_ne_map_candidate_parent_lookup_count","scan_cn_ne_map_candidate_unique_parent_count","scan_cn_ne_map_candidate_duplicate_parent_count","scan_cn_ne_map_candidate_direct_source_count","scan_cn_ne_map_candidate_plus8_source_count","scan_cn_ne_map_candidate_wrapper_source_count","scan_component_only_validation_attempt_count","scan_component_only_validation_success_count","scan_detail_records","scan_detail_total_pairs","scan_light_scan_enabled","scan_light_unvalidated_pairs","scan_light_cap_hits","entity_cycle_ms","entity_cycle_dma_reads_delta","entity_cycle_dma_fail_delta","phase_begin_frame_ms","phase_consume_scan_ms","phase_previous_snapshot_copy_ms","phase_prefetch_ms","phase_previous_index_ms","phase_hot_scatter_prepare_ms","phase_hot_scatter_execute_ms","phase_base_cache_ms","phase_base_decrypt_ms","phase_health_ms","phase_hero_ms","phase_visibility_ms","phase_skeleton_ms","phase_skeleton_velocity_read_ms","phase_skeleton_cache_call_ms","phase_skill_ms","phase_team_name_ms","phase_team_name_hero_lookup_ms","phase_team_name_bot_adjust_ms","phase_team_name_battle_tag_ms","phase_team_name_team_read_ms","phase_local_select_ms","phase_publish_ms","phase_record_sync_ms","phase_entity_loop_wall_ms","phase_entity_loop_setup_ms","phase_entity_header_special_ms","phase_entity_header_component_ms","phase_entity_header_link_ms","phase_entity_special_probe_ms","phase_entity_cache_apply_ms","phase_entity_cache_match_id_ms","phase_entity_cache_record_update_ms","phase_entity_hot_fields_ms","phase_entity_rotation_position_ms","phase_entity_loop_gap_ms","phase_cycle_gap_ms","hot_scatter_requested_count","hot_scatter_prepare_requested_count","hot_scatter_prepare_success_count","hot_scatter_prepare_fail_count","hot_scatter_execute_count","hot_scatter_execute_fail_count","hot_scatter_bytes_requested","hot_scatter_bytes_read","hot_scatter_short_read_count","hot_scatter_batch_items","hot_scatter_batch_requests","hot_scatter_estimated_unique_pages","hot_scatter_success_count","hot_scatter_partial_count","hot_scatter_fallback_read_count","visibility_scatter_hit_count","base_cache_hit_count","base_cache_miss_count","base_decrypt_attempt_count","base_decrypt_success_count","base_decrypt_fail_count","base_decrypt_slow_call_count","base_decrypt_fallback_attempt_count","base_decrypt_fallback_success_count","base_decrypt_fallback_fail_count","base_decrypt_unique_key_count","base_decrypt_duplicate_key_count","base_decrypt_max_duplicate_key_count","base_decrypt_max_duplicate_key_type","base_decrypt_max_duplicate_key_parent","base_decrypt_max_call_ms","base_decrypt_max_call_type","base_decrypt_max_call_parent","base_decrypt_max_call_success","team_name_slow_call_count","team_name_max_call_ms","team_name_max_call_op","team_name_max_call_hero_id","team_name_max_call_link_base","team_name_max_call_team_base","team_name_max_call_success","skeleton_cache_hit_count","skeleton_cache_miss_count","skeleton_block_read_bytes","skeleton_slow_call_count","skeleton_max_call_ms","skeleton_max_call_op","skeleton_max_call_hero_id","skeleton_max_call_entity","skeleton_max_call_bone_base","skeleton_max_call_velocity_base","skeleton_max_call_velocity_bone_data","skeleton_max_call_cache_hit","skeleton_max_call_cache_valid","skeleton_max_call_fallback","skeleton_max_call_max_mapped_index","skeleton_max_call_success","skeleton_fallback_get_bone_pos_count","visibility_fallback_count","skill_due_count","skill_read_count","skill_skipped_not_due_count","entity_record_created_count","entity_record_updated_actor_count","entity_record_link_changed_count","entity_record_link_changed_same_component_count","entity_record_link_changed_component_changed_count","entity_record_link_changed_same_hero_count","entity_record_link_changed_hero_changed_count","entity_record_link_changed_hero_unknown_count","entity_record_link_changed_match_key_count","entity_record_link_changed_link_key_count","entity_record_link_changed_component_key_count","entity_record_mark_missing_count","entity_record_mark_dead_count","entity_record_expired_count","component_cache_hit_count","component_cache_miss_count","component_cache_invalidate_interval_count","component_cache_invalidate_interval_skipped_lifetime_count","component_cache_invalidate_link_change_count","component_cache_invalidate_health_resurrect_count","component_cache_invalidate_hero_change_count","component_cache_link_change_previous_match_id_known_count","component_cache_link_change_previous_match_id_zero_count","component_cache_link_change_previous_match_id_unknown_count","component_cache_link_change_record_alias_hit_count","component_cache_link_change_record_alias_miss_count","component_cache_link_change_record_published_count","component_cache_link_change_record_bases_valid_count","component_cache_link_change_record_match_key_count","component_cache_link_change_record_link_key_count","component_cache_link_change_record_component_key_count","component_cache_link_retain_attempt_count","component_cache_link_retain_success_count","component_cache_link_retain_rejected_disabled_count","component_cache_link_retain_rejected_record_store_disabled_count","component_cache_link_retain_rejected_missing_record_count","component_cache_link_retain_rejected_missing_match_id_count","component_cache_link_retain_rejected_component_changed_count","component_cache_link_retain_rejected_interval_count","component_cache_link_retain_interval_bypassed_lifetime_count","component_cache_link_retain_rejected_hero_changed_count","component_cache_link_retain_rejected_hero_unknown_count","component_cache_link_retain_rejected_decrypt_fail_count","component_cache_link_retain_cached_hero_validate_count","component_cache_link_retain_refresh_decrypt_attempt_count","component_cache_link_retain_refresh_decrypt_success_count","component_cache_link_retain_refresh_decrypt_fail_count","component_cache_link_retain_refresh_link_attempt_count","component_cache_link_retain_refresh_link_success_count","component_cache_link_retain_refresh_link_fail_count","component_cache_link_retain_refresh_hero_attempt_count","component_cache_link_retain_refresh_hero_success_count","component_cache_link_retain_refresh_hero_fail_count","component_cache_link_retain_refresh_visibility_attempt_count","component_cache_link_retain_refresh_visibility_success_count","component_cache_link_retain_refresh_visibility_fail_count","component_cache_link_retain_refresh_angle_attempt_count","component_cache_link_retain_refresh_angle_success_count","component_cache_link_retain_refresh_angle_fail_count","component_cache_link_retain_refresh_angle_skipped_no_prior_count","component_cache_link_retain_refresh_angle_prior_count","component_cache_link_retain_refresh_angle_prior_fail_rejected_count","dynamic_cache_created_count","dynamic_cache_reused_count","dynamic_cache_replaced_count","dynamic_cache_expired_count","record_store_enabled","record_store_size","record_store_fresh_count","record_store_missing_count","record_store_dead_count","record_store_expired_count","record_store_bases_valid_count","record_store_dynamic_valid_count","record_store_published_valid_count","sdk_component_key_cache_hit_count","sdk_component_key_cache_miss_count","sdk_begin_frame_scan_count","sdk_begin_frame_process_count","sdk_begin_frame_unknown_count","viewmatrix_publish_hz","viewmatrix_publish_age_ms","render_viewmatrix_age_ms","render_viewmatrix_max_age_ms","render_viewmatrix_uses","render_viewmatrix_missing_publish_uses","render_viewmatrix_over_16ms","render_viewmatrix_over_33ms","render_viewmatrix_over_50ms","view_matrix_ok","view_matrix_resolved","view_matrix_valid","snapshot_entities_copy_ms","snapshot_entities_copy_max_ms","snapshot_dynamic_copy_ms","snapshot_dynamic_copy_max_ms","manual_width","manual_height","detected_width","detected_height","resolved_wx","resolved_wy","player_info_input","player_info_projected","player_info_drawn","render_prediction_candidates","render_prediction_applied","render_prediction_world_delta_fallback","render_prediction_max_lead_ms","render_prediction_max_offset_cm","skipped_world_to_screen","sample_projected_available","sample_projected_left","sample_projected_top","sample_projected_width","sample_projected_height","dma_total","dma_failed","dma_avg_latency_us","dma_max_latency_us","dma_window_ms","dma_window_total","dma_window_failed","dma_window_max_latency_us","dma_window_max_callsite","dma_window_max_callsite_latency_us","dma_window_entity_scan_reads","dma_window_entity_scan_max_us","dma_window_entity_scan_root_reads","dma_window_entity_scan_root_max_us","dma_window_entity_scan_list_read_reads","dma_window_entity_scan_list_read_max_us","dma_window_entity_scan_record_build_reads","dma_window_entity_scan_record_build_max_us","dma_window_entity_scan_record_match_id_reads","dma_window_entity_scan_record_match_id_max_us","dma_window_entity_scan_record_header_reads","dma_window_entity_scan_record_header_max_us","dma_window_entity_scan_record_pool_ptr_reads","dma_window_entity_scan_record_pool_ptr_max_us","dma_window_entity_scan_record_pool_id_reads","dma_window_entity_scan_record_pool_id_max_us","dma_window_entity_scan_match_link_reads","dma_window_entity_scan_match_link_max_us","dma_window_entity_scan_target_map_reads","dma_window_entity_scan_target_map_max_us","dma_window_entity_scan_self_validation_reads","dma_window_entity_scan_self_validation_max_us","dma_window_entity_scan_component_validation_reads","dma_window_entity_scan_component_validation_max_us","dma_window_entity_decrypt_reads","dma_window_entity_decrypt_max_us","dma_window_entity_base_decrypt_reads","dma_window_entity_base_decrypt_max_us","dma_window_entity_header_special_reads","dma_window_entity_header_special_max_us","dma_window_entity_hot_scatter_reads","dma_window_entity_hot_scatter_max_us","dma_window_entity_hot_fields_reads","dma_window_entity_hot_fields_max_us","dma_window_entity_rotation_position_reads","dma_window_entity_rotation_position_max_us","dma_window_entity_prefetch_reads","dma_window_entity_prefetch_max_us","dma_window_viewmatrix_reads","dma_window_viewmatrix_max_us","render_frame_ms","render_callback_ms","present_ms","render_mode","player_info_called","skill_info_called","entity_list_empty"
"2026/6/29 12:06:58","399.992","399.992","0","40","16.129","32.258","16","0","153","16","16","16","288","288","288","22","2325","0","0","3.071","934.972","44","51","0","0.03","3.124","2.703","0.996","20","0","1","20","0","952458","ViewMatrix","12","930353","EntityScanListRead","8","952458","ViewMatrix","0","930353","0","0","982","254","952458","1","0","0","0","51","51","0","0","0","0","0","0","0","0","0","3","0","0","0","288","0","0","0","0","0","0.015","2.394","0","0.01","0.257","0.004","0","0.001","0","0.001","4","0","1","4","0","2394","EntityScanListRead","2","2394","EntityScanListRead","2","2313","ViewMatrix","0","2394","0","0","252","0","2313","1","0","0","51","65536","4096","0","0","0","0","0","0","0","0","0","0","0","1","1","10000","1","0","0","0","1","2000","52","51","0","0","1","2000","51","51","0","0","4","0","0","0","0","0","0","0","52","0","51","0","104","0","0","0","1","102","51","51","1","2000","51","51","0","0","0","4","0","0","1","2000","52","52","0","0","4","0","0","0","0","0","0","0","0","0","52","0","51","0","0","0","0","0.012","0","0","0.001","0","0","0","0","0","0","0","0","0","0","0","0","0","0","0","0","0","0","0","0","0","0.001","0","0","0","0","0","0","0","0","0","0","0","0","0","0.01","0","0","0","0","0","0","0","0","0","0","0","0","0","0","0","0","0","0","0","0","0","0","0","0","0","0","0","0","0","0x0","0","0","0x0","0","0","0","0","0x0","0x0","0x0","0","0","0","0","0","0","0","0x0","0x0","0x0","0x0","0x0","0","0","0","-1","0","0","0","0","0","0","0","0","0","0","0","0","0","0","0","0","0","0","0","0","0","0","0","0","0","0","0","0","0","0","0","0","0","0","0","0","0","0","0","0","0","0","0","0","0","0","0","0","0","0","0","0","0","0","0","0","0","0","0","0","0","0","0","0","0","0","0","0","0","0","0","0","0","0","0","0","0","0","0","0","0","0","0","288","817","0","62.5","16","0","0","0","0","0","0","0","True","True","True","0","0.009","0","0","1920","1080","0","0","1920","1080","0","0","0","0","0","0","0","0","0","False","0","0","0","0","20354","955","681","952773","2500","2882","93","2923","EntityScanListRead","2923","0","0","1","528","91","2923","0","0","0","0","51","1615","0","0","51","1052","0","0","169","1467","0","0","55","550","0","0","0","0","0","0","0","0","0","0","0","0","0","0","2464","2321","1.741","0.0098","1.7312","normal","False","False","True"
"2026/6/29 12:07:00","401.578","401.578","0","40","16.129","62.5","0","0","51.0769","6.76923","6.15385","6.15385","308","308","308","25","2466","0","0","3.518","968.481","292","51","0","3.044","66.246","34.941","2.687","60","8","1","60","8","945899","ViewMatrix","24","895931","EntityScanListRead","36","945899","ViewMatrix","0","895931","497","1737","31514","862","945899","1","0","0","0","51","51","0","0","0","0","4","0","0","0","4","4","40","0","16","308","0","0","0","0","0","0.016","2.514","0","0.271","0.292","0.002","0","0","0","0","4","1","1","4","1","2513","EntityScanListRead","4","2513","EntityScanListRead","0","0","Unknown","0","2513","255","3","287","0","0","1","0","0","51","65536","4096","0","1","0","0","0","0","1","0","0","0","1","1","1","10000","1","0","0","0","1","2000","52","51","0","0","1","2000","51","50","1","1","4","1","0","1","0","0","0","0","52","0","51","0","104","0","0","0","1","102","51","51","1","2000","51","51","0","0","0","4","0","0","1","2000","52","52","0","0","4","0","0","0","0","0","0","0","0","0","52","0","51","0","0","0","0","0.009","0","0","0.001","0.001","0","0","0","0","0","0","0","0","0","0","0","0","0","0","0","0","0","0","0","0","0","0","0","0","0","0","0","0","0","0","0","0","0","0","0.007","0","0","0","0","0","0","0","0","0","0","0","0","0","0","0","0","0","0","0","0","0","0","0","0","0","0","0","0","0","0x0","0","0","0x0","0","0","0","0","0x0","0x0","0x0","0","0","0","0","0","0","0","0x0","0x0","0x0","0x0","0x0","0","0","0","-1","0","0","0","0","0","0","0","0","0","0","0","0","0","0","0","0","0","0","0","0","0","0","0","0","0","0","0","0","0","0","0","0","0","0","0","0","0","0","0","0","0","0","0","0","0","0","0","0","0","0","0","0","0","0","0","0","0","0","0","0","0","0","0","0","0","0","0","0","0","0","0","0","0","0","0","0","0","0","0","0","0","0","0","308","906","0","62.5","0","0","0","0","0","0","0","0","True","True","True","0","0.009","0","0","1920","1080","0","0","1920","1080","0","0","0","0","0","0","0","0","0","False","0","0","0","0","21794","1054","761","952773","2500","1754","99","945899","ViewMatrix","945899","0","0","0","0","75","895931","0","0","0","0","52","1398","0","0","52","48803","0","0","153","31514","0","0","58","1834","0","0","0","0","0","0","0","0","0","0","0","0","0","0","1344","945899","3.7542","0.0158","3.7384","normal","False","False","True"
"2026/6/29 12:07:02","443.18","443.18","0","40","16.129","62.5","15","0","159","16","16","16","340","340","340","25","2742","0","0","3.583","968.481","292","51","0","3.044","66.246","34.941","2.687","60","8","1","60","8","945899","ViewMatrix","24","895931","EntityScanListRead","36","945899","ViewMatrix","0","895931","497","1737","31514","862","945899","1","0","0","0","51","51","0","0","0","0","4","0","0","0","4","4","40","0","0","340","0","0","0","0","0","0.031","2.675","0","0.012","0.441","0.001","0","0","0","0","5","0","1","5","0","2675","EntityScanListRead","2","2675","EntityScanListRead","3","830","ViewMatrix","0","2675","0","0","437","0","830","1","0","0","51","65536","4096","0","0","0","0","0","0","0","0","0","0","0","1","1","10000","1","0","0","0","1","2000","52","51","0","0","1","2000","51","51","0","0","4","0","0","0","0","0","0","0","52","0","51","0","104","0","0","0","1","102","51","51","1","2000","51","51","0","0","0","4","0","0","1","2000","52","52","0","0","4","0","0","0","0","0","0","0","0","0","52","0","51","0","0","0","0","0.004","0","0","0","0","0","0","0","0","0","0","0","0","0","0","0","0","0","0","0","0","0","0","0","0","0","0","0","0","0","0","0","0","0","0","0","0","0","0","0.004","0","0","0","0","0","0","0","0","0","0","0","0","0","0","0","0","0","0","0","0","0","0","0","0","0","0","0","0","0","0x0","0","0","0x0","0","0","0","0","0x0","0x0","0x0","0","0","0","0","0","0","0","0x0","0x0","0x0","0x0","0x0","0","0","0","-1","0","0","0","0","0","0","0","0","0","0","0","0","0","0","0","0","0","0","0","0","0","0","0","0","0","0","0","0","0","0","0","0","0","0","0","0","0","0","0","0","0","0","0","0","0","0","0","0","0","0","0","0","0","0","0","0","0","0","0","0","0","0","0","0","0","0","0","0","0","0","0","0","0","0","0","0","0","0","0","0","0","0","0","340","986","0","66.666","0","0","0","0","0","0","0","0","True","True","True","0","0.009","0","0","1920","1080","0","0","1920","1080","0","0","0","0","0","0","0","0","0","False","0","0","0","0","24175","1146","720","952773","2500","2938","103","2936","EntityScanListRead","2936","0","0","0","0","91","2936","0","0","0","0","62","1262","0","0","62","714","0","0","187","2065","0","0","64","1987","0","0","0","0","0","0","0","0","0","0","0","0","0","0","2472","2401","1.9354","0.0098","1.9256","normal","False","False","True"
"2026/6/29 12:07:04","423.949","423.949","0","40","16.129","32.258","0","0","148","16","16","16","372","372","372","25","3021","0","0","3.961","968.481","292","51","0","3.044","66.246","34.941","2.687","60","8","1","60","8","945899","ViewMatrix","24","895931","EntityScanListRead","36","945899","ViewMatrix","0","895931","497","1737","31514","862","945899","1","0","0","0","51","51","0","0","0","0","4","0","0","0","4","4","40","0","0","372","0","0","0","0","0","0.019","2.492","0","0.005","0.266","0.002","0","0.749","0","0","5","0","1","5","0","2491","EntityScanListRead","5","2491","EntityScanListRead","0","0","Unknown","0","2491","0","0","261","256","0","1","0","0","51","65536","4096","0","0","0","0","0","0","0","0","0","0","0","1","1","10000","1","0","0","0","1","2000","52","51","0","0","1","2000","51","51","0","0","4","0","0","0","0","0","0","0","52","0","51","0","104","0","0","0","1","102","51","51","1","2000","51","51","0","0","0","4","0","0","1","2000","52","49","3","3","4","3","0","0","0","0","0","0","0","0","52","0","51","0","0","0","0","0.002","0","0","0","0","0","0","0","0","0","0","0","0","0","0","0","0","0","0","0","0","0","0","0","0","0","0","0","0","0","0","0","0","0","0","0","0","0","0","0.002","0","0","0","0","0","0","0","0","0","0","0","0","0","0","0","0","0","0","0","0","0","0","0","0","0","0","0","0","0","0x0","0","0","0x0","0","0","0","0","0x0","0x0","0x0","0","0","0","0","0","0","0","0x0","0x0","0x0","0x0","0x0","0","0","0","-1","0","0","0","0","0","0","0","0","0","0","0","0","0","0","0","0","0","0","0","0","0","0","0","0","0","0","0","0","0","0","0","0","0","0","0","0","0","0","0","0","0","0","0","0","0","0","0","0","0","0","0","0","0","0","0","0","0","0","0","0","0","0","0","0","0","0","0","0","0","0","0","0","0","0","0","0","0","0","0","0","0","0","0","372","1067","0","62.5","0","0","0","0","0","0","0","0","True","True","True","0","0.009","0","0","1920","1080","0","0","1920","1080","0","0","0","0","0","0","0","0","0","False","0","0","0","0","26578","1244","685","952773","2500","2981","111","2778","EntityScanListRead","2778","0","0","0","0","91","2778","0","0","0","0","66","1249","0","0","66","1054","0","0","196","1628","0","0","68","1987","0","0","0","0","0","0","0","0","0","0","0","0","0","0","2474","2353","3.2414","0.012","3.2294","normal","False","False","True"
"2026/6/29 12:07:06","403.118","403.118","0","40","15.873","32.258","0","0","147","16","16","16","405","405","405","25","3296","0","0","4.645","968.481","292","51","0","3.044","66.246","34.941","2.687","60","8","1","60","8","945899","ViewMatrix","24","895931","EntityScanListRead","36","945899","ViewMatrix","0","895931","497","1737","31514","862","945899","1","0","0","0","51","51","0","0","0","0","4","0","0","0","4","4","40","0","0","405","0","0","0","0","0","0.016","3.174","0","0.008","0.261","0.001","0","0.744","0","0.001","11","0","1","11","0","3173","EntityScanListRead","5","3173","EntityScanListRead","6","2366","ViewMatrix","0","3173","0","0","257","259","2366","1","0","0","51","65536","4096","0","0","0","0","0","0","0","0","0","0","0","1","1","10000","1","0","0","0","1","2000","52","51","0","0","1","2000","51","51","0","0","4","0","0","0","0","0","0","0","52","0","51","0","104","0","0","0","1","102","51","51","1","2000","51","51","0","0","0","4","0","0","1","2000","52","49","3","3","4","3","0","0","0","0","0","0","0","0","52","0","51","0","0","0","0","0.013","0","0","0.001","0.001","0","0","0","0","0","0","0","0","0","0","0","0","0","0","0","0","0","0","0","0","0.001","0","0","0","0","0","0","0","0","0","0","0","0","0","0.01","0","0","0","0","0","0","0","0","0","0","0","0","0","0","0","0","0","0","0","0","0","0","0","0","0","0","0","0","0","0x0","0","0","0x0","0","0","0","0","0x0","0x0","0x0","0","0","0","0","0","0","0","0x0","0x0","0x0","0x0","0x0","0","0","0","-1","0","0","0","0","0","0","0","0","0","0","0","0","0","0","0","0","0","0","0","0","0","0","0","0","0","0","0","0","0","0","0","0","0","0","0","0","0","0","0","0","0","0","0","0","0","0","0","0","0","0","0","0","0","0","0","0","0","0","0","0","0","0","0","0","0","0","0","0","0","0","0","0","0","0","0","0","0","0","0","0","0","0","0","405","1149","0","62.5","0","0","0","0","0","0","0","0","True","True","True","0","0.009","0","0","1920","1080","0","0","1920","1080","0","0","0","0","0","0","0","0","0","False","0","0","0","0","28915","1337","662","952773","2500","2907","111","33001","ViewMatrix","33001","0","0","0","0","91","11792","0","0","0","0","66","1354","0","0","66","1054","0","0","196","31208","0","0","68","833","0","0","0","0","0","0","0","0","0","0","0","0","0","0","2400","33001","2.1969","0.0063","2.1906","normal","False","False","True"
"2026/6/29 12:07:08","387.408","387.408","0","40","15.873","32.258","15","0","147","16","16","16","437","437","437","25","3572","0","0","3.222","968.481","292","51","0","3.044","66.246","34.941","2.687","60","8","1","60","8","945899","ViewMatrix","24","895931","EntityScanListRead","36","945899","ViewMatrix","0","895931","497","1737","31514","862","945899","1","0","0","0","51","51","0","0","0","0","4","0","0","0","4","4","40","0","0","437","0","0","0","0","0","0.013","2.48","0","0.01","0.287","0.004","0","0","0","0","2","0","1","2","0","2480","EntityScanListRead","2","2480","EntityScanListRead","0","0","Unknown","0","2480","0","0","281","0","0","1","0","0","51","65536","4096","0","0","0","0","0","0","0","0","0","0","0","1","1","10000","1","0","0","0","1","2000","52","51","0","0","1","2000","51","51","0","0","4","0","0","0","0","0","0","0","52","0","51","0","104","0","0","0","1","102","51","51","1","2000","51","51","0","0","0","4","0","0","1","2000","52","52","0","0","4","0","0","0","0","0","0","0","0","0","52","0","51","0","0","0","0","0.005","0","0","0","0","0","0","0","0","0","0","0","0","0","0","0","0","0","0","0","0","0","0","0","0","0","0","0","0","0","0","0","0","0","0","0","0","0","0","0.005","0","0","0","0","0","0","0","0","0","0","0","0","0","0","0","0","0","0","0","0","0","0","0","0","0","0","0","0","0","0x0","0","0","0x0","0","0","0","0","0x0","0x0","0x0","0","0","0","0","0","0","0","0x0","0x0","0x0","0x0","0x0","0","0","0","-1","0","0","0","0","0","0","0","0","0","0","0","0","0","0","0","0","0","0","0","0","0","0","0","0","0","0","0","0","0","0","0","0","0","0","0","0","0","0","0","0","0","0","0","0","0","0","0","0","0","0","0","0","0","0","0","0","0","0","0","0","0","0","0","0","0","0","0","0","0","0","0","0","0","0","0","0","0","0","0","0","0","0","0","437","1229","0","66.666","0","0","0","0","0","0","0","0","True","True","True","0","0.009","0","0","1920","1080","0","0","1920","1080","0","0","0","0","0","0","0","0","0","False","0","0","0","0","31296","1430","637","952773","2500","2979","110","3173","EntityScanListRead","3173","0","0","1","739","91","3173","0","0","0","0","70","1127","0","0","70","583","0","0","206","1769","0","0","69","1937","0","0","0","0","0","0","0","0","0","0","0","0","0","0","2472","2376","1.8419","0.0138","1.8281","normal","False","False","True"
"2026/6/29 12:07:10","456.687","456.687","0","40","15.873","32.258","0","0","158","16","16","16","457","457","457","25","3749","0","0","7.124","968.481","292","51","0","3.044","66.246","34.941","2.687","60","8","1","60","8","945899","ViewMatrix","24","895931","EntityScanListRead","36","945899","ViewMatrix","0","895931","497","1737","31514","862","945899","1","0","0","0","51","51","0","0","0","0","4","0","0","0","4","4","40","0","0","457","0","0","0","0","0","0.013","2.616","0","0.009","3.112","2.626","0","0.944","0","0.001","19","0","1","19","0","2615","EntityScanListRead","11","2615","EntityScanListRead","8","1739","ViewMatrix","0","2615","0","0","540","245","1739","1","0","0","51","65536","4096","0","0","0","0","0","0","0","0","0","0","0","1","1","10000","1","0","0","0","1","2000","52","51","0","0","1","2000","51","51","0","0","4","0","0","0","0","0","0","0","52","0","51","0","104","0","0","0","1","102","51","51","1","2000","51","49","2","2","2","4","2","0","1","2000","52","48","4","4","4","4","0","0","0","0","0","0","0","0","52","0","51","0","0","0","0","0.004","0","0","0","0","0","0","0","0","0","0","0","0","0","0","0","0","0","0","0","0","0","0","0","0","0","0","0","0","0","0","0","0","0","0","0","0","0","0","0.004","0","0","0","0","0","0","0","0","0","0","0","0","0","0","0","0","0","0","0","0","0","0","0","0","0","0","0","0","0","0x0","0","0","0x0","0","0","0","0","0x0","0x0","0x0","0","0","0","0","0","0","0","0x0","0x0","0x0","0x0","0x0","0","0","0","-1","0","0","0","0","0","0","0","0","0","0","0","0","0","0","0","0","0","0","0","0","0","0","0","0","0","0","0","0","0","0","0","0","0","0","0","0","0","0","0","0","0","0","0","0","0","0","0","0","0","0","0","0","0","0","0","0","0","0","0","0","0","0","0","0","0","0","0","0","0","0","0","0","0","0","0","0","0","0","0","0","0","0","0","458","1310","0","66.666","766","0","0","0","0","0","0","0","True","True","True","0","0.009","0","0","1920","1080","0","0","1920","1080","0","0","0","0","0","0","0","0","0","False","0","0","0","0","32677","1492","625","952773","2500","2015","82","15397","ViewMatrix","15397","0","0","0","0","79","2911","0","0","0","0","31","1079","0","0","31","583","0","0","103","1619","0","0","31","982","0","0","0","0","0","0","0","0","0","0","0","0","0","0","1720","15397","2.0632","0.0105","2.0527","normal","False","False","True"
"2026/6/29 12:07:12","478.875","478.875","0","40","15.873","62.5","15","0","145","17","16","16","485","485","485","26","3970","0","0","3.276","1134.17","458","51","0","4.328","146.663","146.114","32.771","92","54","1","92","54","951762","ViewMatrix","76","949859","EntityScanListRead","16","951762","ViewMatrix","0","949859","1332","505","110845","31392","951762","1","0","0","0","0","0","51","51","0","0","4","0","0","0","4","4","43","0","0","485","0","0","0","0","0","0.016","2.489","0","0.01","0.305","0.007","0","0","0","0","4","0","1","4","0","2488","EntityScanListRead","2","2488","EntityScanListRead","2","248","ViewMatrix","0","2488","0","0","293","0","248","1","0","0","51","65536","4096","0","0","0","0","0","0","0","0","0","0","0","1","1","10000","1","0","0","0","1","2000","52","51","0","0","1","2000","51","51","0","0","4","0","0","0","0","0","0","0","52","0","51","0","104","0","0","0","1","102","51","51","1","2000","51","51","0","0","0","4","0","0","1","2000","52","52","0","0","4","0","0","0","0","0","0","0","0","0","52","0","51","0","0","0","0","0.004","0","0","0","0","0","0","0","0","0","0","0","0","0","0","0","0","0","0","0","0","0","0","0","0","0","0","0","0","0","0","0","0","0","0","0","0","0","0","0.004","0","0","0","0","0","0","0","0","0","0","0","0","0","0","0","0","0","0","0","0","0","0","0","0","0","0","0","0","0","0x0","0","0","0x0","0","0","0","0","0x0","0x0","0x0","0","0","0","0","0","0","0","0x0","0x0","0x0","0x0","0x0","0","0","0","-1","0","0","0","0","0","0","0","0","0","0","0","0","0","0","0","0","0","0","0","0","0","0","0","0","0","0","0","0","0","0","0","0","0","0","0","0","0","0","0","0","0","0","0","0","0","0","0","0","0","0","0","0","0","0","0","0","0","0","0","0","0","0","0","0","0","0","0","0","0","0","0","0","0","0","0","0","0","0","0","0","0","0","0","485","1391","0","62.5","15","0","0","0","0","0","0","0","True","True","True","0","0.009","0","0","1920","1080","0","0","1920","1080","0","0","0","0","0","0","0","0","0","False","0","0","0","0","34684","1585","674","952773","2500","2007","93","951762","ViewMatrix","951762","0","0","0","0","79","949859","0","0","0","0","51","1434","0","0","51","1266","0","0","151","110845","0","0","51","31392","0","0","0","0","0","0","0","0","0","0","0","0","0","0","1624","951762","2.2805","0.0179","2.2626","normal","False","False","True"
"2026/6/29 12:07:14","410.764","410.764","0","40","12.821","62.5","15","0","147","16","16","16","516","516","516","26","4214","0","0","5.006","1134.17","458","51","0","4.328","146.663","146.114","32.771","92","54","1","92","54","951762","ViewMatrix","76","949859","EntityScanListRead","16","951762","ViewMatrix","0","949859","1332","505","110845","31392","951762","1","0","0","0","0","0","51","51","0","0","4","0","0","0","4","4","43","0","0","516","0","0","0","0","0","0.016","3.411","0","0.008","1.145","0.006","0","0.001","0","0","2","0","1","2","0","3411","EntityScanListRead","2","3411","EntityScanListRead","0","0","Unknown","0","3411","0","0","1136","0","0","1","0","0","51","65536","4096","0","0","0","0","0","0","0","0","0","0","0","1","1","10000","1","0","0","0","1","2000","52","51","0","0","1","2000","51","51","0","0","4","0","0","0","0","0","0","0","52","0","51","0","104","0","0","0","1","102","51","51","1","2000","51","51","0","0","0","4","0","0","1","2000","52","52","0","0","4","0","0","0","0","0","0","0","0","0","52","0","51","0","0","0","0","0.004","0","0","0","0","0","0","0","0","0","0","0","0","0","0","0","0","0","0","0","0","0","0","0","0","0","0","0","0","0","0","0","0","0","0","0","0","0","0","0.004","0","0","0","0","0","0","0","0","0","0","0","0","0","0","0","0","0","0","0","0","0","0","0","0","0","0","0","0","0","0x0","0","0","0x0","0","0","0","0","0x0","0x0","0x0","0","0","0","0","0","0","0","0x0","0x0","0x0","0x0","0x0","0","0","0","-1","0","0","0","0","0","0","0","0","0","0","0","0","0","0","0","0","0","0","0","0","0","0","0","0","0","0","0","0","0","0","0","0","0","0","0","0","0","0","0","0","0","0","0","0","0","0","0","0","0","0","0","0","0","0","0","0","0","0","0","0","0","0","0","0","0","0","0","0","0","0","0","0","0","0","0","0","0","0","0","0","0","0","0","517","1471","0","21.276","15","0","0","0","0","0","0","0","True","True","True","0","0.009","0","0","1920","1080","0","0","1920","1080","0","0","0","0","0","0","0","0","0","False","0","0","0","0","36649","1683","673","952773","2500","2477","98","87675","ViewMatrix","87675","0","0","0","0","90","42088","0","0","0","0","51","1793","0","0","51","809","0","0","162","70398","0","0","51","1265","0","0","0","0","0","0","0","0","0","0","0","0","0","0","2056","87675","1.9003","0.01","1.8903","normal","False","False","True"
"2026/6/29 12:07:16","403.97","403.97","0","40","16.129","62.5","15","0","148","16","16","16","549","549","549","26","4472","0","0","3.115","1134.17","458","51","0","4.328","146.663","146.114","32.771","92","54","1","92","54","951762","ViewMatrix","76","949859","EntityScanListRead","16","951762","ViewMatrix","0","949859","1332","505","110845","31392","951762","1","0","0","0","0","0","51","51","0","0","4","0","0","0","4","4","43","0","0","549","0","0","0","0","0","0.014","2.44","0","0.007","0.261","0.001","0","0","0","0","2","0","1","2","0","2439","EntityScanListRead","2","2439","EntityScanListRead","0","0","Unknown","0","2439","0","0","257","0","0","1","0","0","51","65536","4096","0","0","0","0","0","0","0","0","0","0","0","1","1","10000","1","0","0","0","1","2000","52","51","0","0","1","2000","51","51","0","0","4","0","0","0","0","0","0","0","52","0","51","0","104","0","0","0","1","102","51","51","1","2000","51","51","0","0","0","4","0","0","1","2000","52","52","0","0","4","0","0","0","0","0","0","0","0","0","52","0","51","0","0","0","0","0.004","0","0","0","0","0","0","0","0","0","0","0","0","0","0","0","0","0","0","0","0","0","0","0","0","0","0","0","0","0","0","0","0","0","0","0","0","0","0","0.004","0","0","0","0","0","0","0","0","0","0","0","0","0","0","0","0","0","0","0","0","0","0","0","0","0","0","0","0","0","0x0","0","0","0x0","0","0","0","0","0x0","0x0","0x0","0","0","0","0","0","0","0","0x0","0x0","0x0","0x0","0x0","0","0","0","-1","0","0","0","0","0","0","0","0","0","0","0","0","0","0","0","0","0","0","0","0","0","0","0","0","0","0","0","0","0","0","0","0","0","0","0","0","0","0","0","0","0","0","0","0","0","0","0","0","0","0","0","0","0","0","0","0","0","0","0","0","0","0","0","0","0","0","0","0","0","0","0","0","0","0","0","0","0","0","0","0","0","0","0","549","1551","0","66.666","0","0","0","0","0","0","0","0","True","True","True","0","0.009","0","0","1920","1080","0","0","1920","1080","0","0","0","0","0","0","0","0","0","False","0","0","0","0","38726","1776","666","952773","2500","2195","98","87675","ViewMatrix","87675","0","0","0","0","91","42088","0","0","0","0","51","1444","0","0","51","1520","0","0","163","70398","0","0","51","1880","0","0","0","0","0","0","0","0","0","0","0","0","0","0","1768","87675","2.2077","0.0174","2.1903","normal","False","False","True"
"2026/6/29 12:07:18","437.801","437.801","0","40","16.129","62.5","0","0","147","16","16","16","581","581","581","26","4748","0","0","3.751","1134.17","458","51","0","4.328","146.663","146.114","32.771","92","54","1","92","54","951762","ViewMatrix","76","949859","EntityScanListRead","16","951762","ViewMatrix","0","949859","1332","505","110845","31392","951762","1","0","0","0","0","0","51","51","0","0","4","0","0","0","4","4","43","0","0","581","0","0","0","0","0","0.018","2.315","0","0.021","0.979","0.007","0","0.001","0","0","8","0","1","8","0","2315","EntityScanListRead","2","2315","EntityScanListRead","6","2273","ViewMatrix","0","2315","0","0","969","0","2273","1","0","0","51","65536","4096","0","0","0","0","0","0","0","0","0","0","0","1","1","10000","1","0","0","0","1","2000","52","51","0","0","1","2000","51","51","0","0","4","0","0","0","0","0","0","0","52","0","51","0","104","0","0","0","1","102","51","51","1","2000","51","51","0","0","0","4","0","0","1","2000","52","52","0","0","4","0","0","0","0","0","0","0","0","0","52","0","51","0","0","0","0","0.007","0","0","0","0","0","0","0","0","0","0","0","0","0","0","0","0","0","0","0","0","0","0","0","0","0","0","0","0","0","0","0","0","0","0","0","0","0","0","0.007","0","0","0","0","0","0","0","0","0","0","0","0","0","0","0","0","0","0","0","0","0","0","0","0","0","0","0","0","0","0x0","0","0","0x0","0","0","0","0","0x0","0x0","0x0","0","0","0","0","0","0","0","0x0","0x0","0x0","0x0","0x0","0","0","0","-1","0","0","0","0","0","0","0","0","0","0","0","0","0","0","0","0","0","0","0","0","0","0","0","0","0","0","0","0","0","0","0","0","0","0","0","0","0","0","0","0","0","0","0","0","0","0","0","0","0","0","0","0","0","0","0","0","0","0","0","0","0","0","0","0","0","0","0","0","0","0","0","0","0","0","0","0","0","0","0","0","0","0","0","581","1633","0","62.5","16","0","0","0","0","0","0","0","True","True","True","0","0.009","0","0","1920","1080","0","0","1920","1080","0","0","0","0","0","0","0","0","0","False","0","0","0","0","41102","1869","648","952773","2500","2814","93","31425","ViewMatrix","31425","0","0","1","865","91","6993","0","0","0","0","51","1527","0","0","51","2140","0","0","163","31366","0","0","51","807","0","0","0","0","0","0","0","0","0","0","0","0","0","0","2406","31425","2.0323","0.015","2.0173","normal","False","False","True"
"2026/6/29 12:07:20","427.033","427.033","0","40","16.129","62.5","15","0","147","16","16","16","613","613","613","26","5027","0","0","3.287","1134.17","458","51","0","4.328","146.663","146.114","32.771","92","54","1","92","54","951762","ViewMatrix","76","949859","EntityScanListRead","16","951762","ViewMatrix","0","949859","1332","505","110845","31392","951762","1","0","0","0","0","0","51","51","0","0","4","0","0","0","4","4","43","0","0","613","0","0","0","0","0","0.03","2.583","0","0.005","0.254","0.001","0","0.001","0","0","5","0","1","5","0","2582","EntityScanListRead","2","2582","EntityScanListRead","3","302","ViewMatrix","0","2582","0","0","249","0","302","1","0","0","51","65536","4096","0","0","0","0","0","0","0","0","0","0","0","1","1","10000","1","0","0","0","1","2000","52","51","0","0","1","2000","51","51","0","0","4","0","0","0","0","0","0","0","52","0","51","0","104","0","0","0","1","102","51","51","1","2000","51","51","0","0","0","4","0","0","1","2000","52","52","0","0","4","0","0","0","0","0","0","0","0","0","52","0","51","0","0","0","0","0.006","0","0","0.001","0","0","0","0","0","0","0","0","0","0","0","0","0","0","0","0","0","0","0","0","0","0","0","0","0","0","0","0","0","0","0","0","0","0","0","0.005","0","0","0","0","0","0","0","0","0","0","0","0","0","0","0","0","0","0","0","0","0","0","0","0","0","0","0","0","0","0x0","0","0","0x0","0","0","0","0","0x0","0x0","0x0","0","0","0","0","0","0","0","0x0","0x0","0x0","0x0","0x0","0","0","0","-1","0","0","0","0","0","0","0","0","0","0","0","0","0","0","0","0","0","0","0","0","0","0","0","0","0","0","0","0","0","0","0","0","0","0","0","0","0","0","0","0","0","0","0","0","0","0","0","0","0","0","0","0","0","0","0","0","0","0","0","0","0","0","0","0","0","0","0","0","0","0","0","0","0","0","0","0","0","0","0","0","0","0","0","613","1713","0","62.5","15","0","0","0","0","0","0","0","True","True","True","0","0.009","0","0","1920","1080","0","0","1920","1080","0","0","0","0","0","0","0","0","0","False","0","0","0","0","43489","1967","631","952773","2500","2883","98","2887","EntityScanListRead","2887","0","0","0","0","91","2887","0","0","0","0","51","1480","0","0","51","1260","0","0","163","1917","0","0","51","1880","0","0","0","0","0","0","0","0","0","0","0","0","0","0","2456","2370","1.804","0.0089","1.7951","normal","False","False","True"
"2026/6/29 12:07:22","455.193","455.193","0","40","15.873","62.5","15","0","36.7597","4.08441","4.08441","4.08441","628","628","628","30","5141","0","0","10.084","1134.17","458","51","0","4.328","146.663","146.114","32.771","92","54","1","92","54","951762","ViewMatrix","76","949859","EntityScanListRead","16","951762","ViewMatrix","0","949859","1332","505","110845","31392","951762","1","0","0","0","0","0","51","51","0","0","4","0","0","0","4","4","43","0","15","628","0","0","0","0","0","0.04","2.599","0","3.207","2.813","2.565","0","0.981","0","0.001","32","3","1","32","3","2599","EntityScanListRead","24","2599","EntityScanListRead","8","565","ViewMatrix","0","2599","1080","535","288","255","565","1","0","0","51","65536","4096","0","4","0","0","0","0","4","0","0","0","4","1","1","10000","1","0","0","0","1","2000","52","51","0","0","1","2000","51","47","4","4","4","4","23","4","0","0","0","0","52","0","51","0","104","0","0","0","1","102","51","51","1","2000","51","24","4","4","27","4","4","23","1","2000","52","48","4","4","4","4","23","0","0","0","0","0","0","0","52","0","51","0","0","0","0","0.004","0","0","0","0","0","0","0","0","0","0","0","0","0","0","0","0","0","0","0","0","0","0","0","0","0","0","0","0","0","0","0","0","0","0","0","0","0","0","0.004","0","0","0","0","0","0","0","0","0","0","0","0","0","0","0","0","0","0","0","0","0","0","0","0","0","0","0","0","0","0x0","0","0","0x0","0","0","0","0","0x0","0x0","0x0","0","0","0","0","0","0","0","0x0","0x0","0x0","0x0","0x0","0","0","0","-1","0","0","0","0","0","0","0","0","0","0","0","0","0","0","0","0","0","0","0","0","0","0","0","0","0","0","0","0","0","0","0","0","0","0","0","0","0","0","0","0","0","0","0","0","0","0","0","0","0","0","0","0","0","0","0","0","0","0","0","0","0","0","0","0","0","0","0","0","0","0","0","0","0","0","0","0","0","0","0","0","0","0","0","628","1793","0","66.666","0","0","0","0","0","0","0","0","True","True","True","0","0.009","0","0","1920","1080","0","0","1920","1080","0","0","0","0","0","0","0","0","0","False","0","0","0","0","44571","2040","675","952773","2500","1592","73","950378","ViewMatrix","950378","0","0","0","0","74","942831","0","0","0","0","28","110830","0","0","28","1964","0","0","92","31526","0","0","28","2253","0","0","0","0","0","0","0","0","0","0","0","0","0","0","1342","950378","1.9011","0.0153","1.8858","normal","False","False","True"
"2026/6/29 12:07:24","447.717","447.717","0","40","15.873","32.258","0","0","160","16","16","16","660","660","660","30","5422","0","0","10.339","1134.17","458","51","0","4.328","146.663","146.114","32.771","92","54","1","92","54","951762","ViewMatrix","76","949859","EntityScanListRead","16","951762","ViewMatrix","0","949859","1332","505","110845","31392","951762","1","0","0","0","0","0","51","51","0","0","4","0","0","0","4","4","43","0","0","660","0","0","0","0","0","0.015","2.497","0","1.119","5.213","4.965","0","1.066","0","0.001","33","4","1","33","4","2496","EntityScanListRead","25","2496","EntityScanListRead","8","816","ViewMatrix","0","2496","272","4","1364","272","816","1","0","0","51","65536","4096","0","4","0","0","0","0","4","0","0","0","4","1","1","10000","1","0","0","0","1","2000","52","51","0","0","1","2000","51","47","4","4","4","4","0","4","0","0","0","0","52","0","51","0","104","0","0","0","1","102","51","51","1","2000","51","47","4","4","4","4","4","0","1","2000","52","48","4","4","4","4","0","0","0","0","0","0","0","0","52","0","51","0","0","0","0","0.005","0","0","0","0","0","0","0","0","0","0","0","0","0","0","0","0","0","0","0","0","0","0","0","0","0","0","0","0","0","0","0","0","0","0","0","0","0","0","0.005","0","0","0","0","0","0","0","0","0","0","0","0","0","0","0","0","0","0","0","0","0","0","0","0","0","0","0","0","0","0x0","0","0","0x0","0","0","0","0","0x0","0x0","0x0","0","0","0","0","0","0","0","0x0","0x0","0x0","0x0","0x0","0","0","0","-1","0","0","0","0","0","0","0","0","0","0","0","0","0","0","0","0","0","0","0","0","0","0","0","0","0","0","0","0","0","0","0","0","0","0","0","0","0","0","0","0","0","0","0","0","0","0","0","0","0","0","0","0","0","0","0","0","0","0","0","0","0","0","0","0","0","0","0","0","0","0","0","0","0","0","0","0","0","0","0","0","0","0","0","660","1874","0","62.5","0","0","0","0","0","0","0","0","True","True","True","0","0.009","0","0","1920","1080","0","0","1920","1080","0","0","0","0","0","0","0","0","0","False","0","0","0","0","46952","2135","658","952773","2500","2740","111","950378","ViewMatrix","950378","0","0","0","0","88","942831","0","0","0","0","67","110830","0","0","67","1964","0","0","199","31526","0","0","67","2253","0","0","0","0","0","0","0","0","0","0","0","0","0","0","2232","950378","2.2143","0.0152","2.1991","normal","False","False","True"
"2026/6/29 12:07:26","477.678","477.678","0","40","15.873","32.258","0","0","160","16","16","16","692","692","692","30","5702","0","0","7.443","1134.17","458","51","0","4.328","146.663","146.114","32.771","92","54","1","92","54","951762","ViewMatrix","76","949859","EntityScanListRead","16","951762","ViewMatrix","0","949859","1332","505","110845","31392","951762","1","0","0","0","0","0","51","51","0","0","4","0","0","0","4","4","43","0","0","692","0","0","0","0","0","0.014","2.212","0","1.402","2.37","2.122","0","1.028","0","0","24","3","1","24","3","2241","ViewMatrix","22","2212","EntityScanListRead","2","2241","ViewMatrix","0","2212","379","243","289","326","2241","1","0","0","51","65536","4096","0","4","0","0","0","0","4","0","0","0","4","1","1","10000","1","0","0","0","1","2000","52","51","0","0","1","2000","51","47","4","4","4","4","0","4","0","0","0","0","52","0","51","0","104","0","0","0","1","102","51","51","1","2000","51","47","4","4","4","4","4","0","1","2000","52","48","4","4","4","4","0","0","0","0","0","0","0","0","52","0","51","0","0","0","0","0.004","0","0","0","0","0","0","0","0","0","0","0","0","0","0","0","0","0","0","0","0","0","0","0","0","0","0","0","0","0","0","0","0","0","0","0","0","0","0","0.004","0","0","0","0","0","0","0","0","0","0","0","0","0","0","0","0","0","0","0","0","0","0","0","0","0","0","0","0","0","0x0","0","0","0x0","0","0","0","0","0x0","0x0","0x0","0","0","0","0","0","0","0","0x0","0x0","0x0","0x0","0x0","0","0","0","-1","0","0","0","0","0","0","0","0","0","0","0","0","0","0","0","0","0","0","0","0","0","0","0","0","0","0","0","0","0","0","0","0","0","0","0","0","0","0","0","0","0","0","0","0","0","0","0","0","0","0","0","0","0","0","0","0","0","0","0","0","0","0","0","0","0","0","0","0","0","0","0","0","0","0","0","0","0","0","0","0","0","0","0","693","1955","0","62.5","0","0","0","0","0","0","0","0","True","True","True","0","0.009","0","0","1920","1080","0","0","1920","1080","0","0","0","0","0","0","0","0","0","False","0","0","0","0","49340","2228","642","952773","2500","2961","106","3394","EntityScanListRead","3394","0","0","0","0","92","3394","0","0","0","0","67","1817","0","0","67","1713","0","0","191","1902","0","0","63","1035","0","0","0","0","0","0","0","0","0","0","0","0","0","0","2481","2514","1.7268","0.0097","1.7171","normal","False","False","True"
"2026/6/29 12:07:28","425.758","425.758","0","40","16.129","62.5","0","0","157","16","16","16","725","725","725","30","5977","0","0","10.968","1134.17","458","51","0","4.328","146.663","146.114","32.771","92","54","1","92","54","951762","ViewMatrix","76","949859","EntityScanListRead","16","951762","ViewMatrix","0","949859","1332","505","110845","31392","951762","1","0","0","0","0","0","51","51","0","0","4","0","0","0","4","4","43","0","0","725","0","0","0","0","0","0.015","2.866","0","2.182","4.384","3.775","0","1.116","0","0","32","3","1","32","3","2866","EntityScanListRead","22","2866","EntityScanListRead","10","585","ViewMatrix","0","2866","561","456","1655","350","585","1","0","0","51","65536","4096","0","4","0","0","0","0","4","0","0","0","4","1","1","10000","1","0","0","0","1","2000","52","51","0","0","1","2000","51","47","4","4","4","4","0","4","0","0","0","0","52","0","51","0","104","0","0","0","1","102","51","51","1","2000","51","47","4","4","4","4","4","0","1","2000","52","48","4","4","4","4","0","0","0","0","0","0","0","0","52","0","51","0","0","0","0","0.004","0","0","0","0","0","0","0","0","0","0","0","0","0","0","0","0","0","0","0","0","0","0","0","0","0","0","0","0","0","0","0","0","0","0","0","0","0","0","0.004","0","0","0","0","0","0","0","0","0","0","0","0","0","0","0","0","0","0","0","0","0","0","0","0","0","0","0","0","0","0x0","0","0","0x0","0","0","0","0","0x0","0x0","0x0","0","0","0","0","0","0","0","0x0","0x0","0x0","0x0","0x0","0","0","0","-1","0","0","0","0","0","0","0","0","0","0","0","0","0","0","0","0","0","0","0","0","0","0","0","0","0","0","0","0","0","0","0","0","0","0","0","0","0","0","0","0","0","0","0","0","0","0","0","0","0","0","0","0","0","0","0","0","0","0","0","0","0","0","0","0","0","0","0","0","0","0","0","0","0","0","0","0","0","0","0","0","0","0","0","725","2036","0","62.5","0","0","0","0","0","0","0","0","True","True","True","0","0.009","0","0","1920","1080","0","0","1920","1080","0","0","0","0","0","0","0","0","0","False","0","0","0","0","51650","2317","630","952773","2500","2887","102","32653","ViewMatrix","32653","0","0","1","948","91","10577","0","0","0","0","63","2374","0","0","63","1713","0","0","191","1902","0","0","63","1659","0","0","0","0","0","0","0","0","0","0","0","0","0","0","2415","32653","1.6874","0.0099","1.6775","normal","False","False","True"
"2026/6/29 12:07:30","461.992","461.992","0","40","5.319","62.5","15","0","57.8327","6.73779","6.73779","6.73779","736","736","736","36","6036","0","0","132.223","1134.17","458","51","0","4.328","146.663","146.114","32.771","92","54","1","92","54","951762","ViewMatrix","76","949859","EntityScanListRead","16","951762","ViewMatrix","0","949859","1332","505","110845","31392","951762","1","0","0","0","0","0","51","51","0","0","4","0","0","0","4","4","43","0","15","736","0","0","0","0","0","0.012","3.641","0.001","74.74","52.105","50.327","0.003","1.22","0","0.006","44","3","1","44","3","71574","EntityScanRecordHeader","24","71574","EntityScanRecordHeader","20","66767","ViewMatrix","0","3641","71574","275","40077","489","66767","1","0","0","51","65536","4096","0","4","0","0","0","0","4","0","0","0","4","1","1","10000","1","0","0","0","1","2000","52","51","0","0","1","2000","51","47","4","4","4","4","0","4","0","0","0","0","52","0","51","0","104","0","0","0","1","102","51","51","1","2000","51","43","4","4","8","4","4","4","1","2000","52","48","4","4","4","4","4","0","0","0","0","0","0","0","52","0","51","0","0","0","0","0.006","0","0","0","0","0","0","0","0","0","0","0","0","0","0","0","0","0","0","0","0","0","0","0","0","0","0","0","0","0","0","0","0","0","0","0","0","0","0","0.006","0","0","0","0","0","0","0","0","0","0","0","0","0","0","0","0","0","0","0","0","0","0","0","0","0","0","0","0","0","0x0","0","0","0x0","0","0","0","0","0x0","0x0","0x0","0","0","0","0","0","0","0","0x0","0x0","0x0","0x0","0x0","0","0","0","-1","0","0","0","0","0","0","0","0","0","0","0","0","0","0","0","0","0","0","0","0","0","0","0","0","0","0","0","0","0","0","0","0","0","0","0","0","0","0","0","0","0","0","0","0","0","0","0","0","0","0","0","0","0","0","0","0","0","0","0","0","0","0","0","0","0","0","0","0","0","0","0","0","0","0","0","0","0","0","0","0","0","0","0","737","2116","0","16.129","0","0","0","0","0","0","0","0","True","True","True","0","0.009","0","0","1920","1080","0","0","1920","1080","0","0","0","0","0","0","0","0","0","False","0","0","0","0","52450","2410","683","952773","2500","1368","102","951079","ViewMatrix","951079","0","0","0","0","71","931940","0","0","0","0","57","71574","0","0","57","2668","0","0","152","110964","0","0","55","16021","0","0","0","0","0","0","0","0","0","0","0","0","0","0","960","951079","2.4123","0.0139","2.3984","normal","False","False","True"
"2026/6/29 12:07:32","420.288","420.288","0","40","16.129","32.258","0","0","158","16","16","16","768","768","768","38","6276","0","0","6.307","1134.17","458","51","0","4.328","146.663","146.114","32.771","92","54","1","92","54","951762","ViewMatrix","76","949859","EntityScanListRead","16","951762","ViewMatrix","0","949859","1332","505","110845","31392","951762","1","0","0","0","0","0","51","51","0","0","4","0","0","0","4","4","43","0","0","768","0","0","0","0","0","0.016","2.851","0.01","0.014","1.996","0.513","0","0.996","0","0","16","0","1","16","0","2850","EntityScanListRead","8","2850","EntityScanListRead","8","2380","ViewMatrix","0","2850","0","0","1479","259","2380","1","0","0","51","65536","4096","0","0","0","0","0","0","0","0","0","0","0","1","1","10000","1","0","0","0","1","2000","52","51","0","0","1","2000","51","51","0","0","4","0","0","0","0","0","0","0","52","0","51","0","104","0","0","0","1","102","51","51","1","2000","51","50","1","1","1","4","1","0","1","2000","52","48","4","4","4","4","0","0","0","0","0","0","0","0","52","0","51","0","0","0","0","0.004","0","0","0","0","0","0","0","0","0","0","0","0","0","0","0","0","0","0","0","0","0","0","0","0","0","0","0","0","0","0","0","0","0","0","0","0","0","0","0.004","0","0","0","0","0","0","0","0","0","0","0","0","0","0","0","0","0","0","0","0","0","0","0","0","0","0","0","0","0","0x0","0","0","0x0","0","0","0","0","0x0","0x0","0x0","0","0","0","0","0","0","0","0x0","0x0","0x0","0x0","0x0","0","0","0","-1","0","0","0","0","0","0","0","0","0","0","0","0","0","0","0","0","0","0","0","0","0","0","0","0","0","0","0","0","0","0","0","0","0","0","0","0","0","0","0","0","0","0","0","0","0","0","0","0","0","0","0","0","0","0","0","0","0","0","0","0","0","0","0","0","0","0","0","0","0","0","0","0","0","0","0","0","0","0","0","0","0","0","0","768","2197","0","66.666","16","0","0","0","0","0","0","0","True","True","True","0","0.009","0","0","1920","1080","0","0","1920","1080","0","0","0","0","0","0","0","0","0","False","0","0","0","0","54568","2502","678","952773","2500","2314","111","89367","ViewMatrix","89367","0","0","0","0","87","42444","0","0","0","0","66","71574","0","0","66","3095","0","0","193","62581","0","0","66","14874","0","0","0","0","0","0","0","0","0","0","0","0","0","0","1816","89367","2.9994","0.0099","2.9895","normal","False","False","True"
"2026/6/29 12:07:31","438.328","438.328","0","40","16.129","62.5","0","0","158","16","16","16","800","800","800","38","6545","0","0","7.724","1134.17","458","51","0","4.328","146.663","146.114","32.771","92","54","1","92","54","951762","ViewMatrix","76","949859","EntityScanListRead","16","951762","ViewMatrix","0","949859","1332","505","110845","31392","951762","1","0","0","0","0","0","51","51","0","0","4","0","0","0","4","4","43","0","0","800","0","0","0","0","0","0.017","2.714","0","2.428","2.147","1.914","0","0.001","0","0.001","24","3","1","24","3","2714","EntityScanListRead","16","2714","EntityScanListRead","8","1822","ViewMatrix","0","2714","1429","1","276","0","1822","1","0","0","51","65536","4096","0","3","0","0","0","0","3","0","0","0","3","1","1","10000","1","0","0","0","1","2000","52","51","0","0","1","2000","51","48","3","3","4","3","0","3","0","0","0","0","52","0","51","0","104","0","0","0","1","102","51","51","1","2000","51","48","3","3","3","4","3","0","1","2000","52","52","0","0","4","0","0","0","0","0","0","0","0","0","52","0","51","0","0","0","0","0.004","0","0","0","0","0","0","0","0","0","0","0","0","0","0","0","0","0","0","0","0","0","0","0","0","0","0","0","0","0","0","0","0","0","0","0","0","0","0","0.004","0","0","0","0","0","0","0","0","0","0","0","0","0","0","0","0","0","0","0","0","0","0","0","0","0","0","0","0","0","0x0","0","0","0x0","0","0","0","0","0x0","0x0","0x0","0","0","0","0","0","0","0","0x0","0x0","0x0","0x0","0x0","0","0","0","-1","0","0","0","0","0","0","0","0","0","0","0","0","0","0","0","0","0","0","0","0","0","0","0","0","0","0","0","0","0","0","0","0","0","0","0","0","0","0","0","0","0","0","0","0","0","0","0","0","0","0","0","0","0","0","0","0","0","0","0","0","0","0","0","0","0","0","0","0","0","0","0","0","0","0","0","0","0","0","0","0","0","0","0","800","2278","0","62.5","0","0","0","0","0","0","0","0","True","True","True","0","0.009","0","0","1920","1080","0","0","1920","1080","0","0","0","0","0","0","0","0","0","False","0","0","0","0","56901","2600","666","952773","2500","2894","111","31504","ViewMatrix","31504","0","0","0","0","91","14706","0","0","0","0","66","31366","0","0","66","1924","0","0","195","2237","0","0","64","1184","0","0","0","0","0","0","0","0","0","0","0","0","0","0","2392","31504","4.5113","0.0102","4.5011","normal","False","False","True"
"2026/6/29 12:07:33","430.212","430.212","0","40","15.873","62.5","0","0","167","16","16","16","833","833","833","38","6836","0","0","5.991","1134.17","458","51","0","4.328","146.663","146.114","32.771","92","54","1","92","54","951762","ViewMatrix","76","949859","EntityScanListRead","16","951762","ViewMatrix","0","949859","1332","505","110845","31392","951762","1","0","0","0","0","0","51","51","0","0","4","0","0","0","4","4","43","0","0","833","0","0","0","0","0","0.019","2.363","0","0.843","2.338","2.082","0","0","0","0.001","18","3","1","18","3","2363","EntityScanListRead","16","2363","EntityScanListRead","2","2299","ViewMatrix","0","2363","311","1","280","0","2299","1","0","0","51","65536","4096","0","3","0","0","0","0","3","0","0","0","3","1","1","10000","1","0","0","0","1","2000","52","51","0","0","1","2000","51","48","3","3","4","3","0","3","0","0","0","0","52","0","51","0","104","0","0","0","1","102","51","51","1","2000","51","48","3","3","3","4","3","0","1","2000","52","52","0","0","4","0","0","0","0","0","0","0","0","0","52","0","51","0","0","0","0","0.005","0","0","0","0","0","0","0","0","0","0","0","0","0","0","0","0","0","0","0","0","0","0","0","0","0","0","0","0","0","0","0","0","0","0","0","0","0","0","0.005","0","0","0","0","0","0","0","0","0","0","0","0","0","0","0","0","0","0","0","0","0","0","0","0","0","0","0","0","0","0x0","0","0","0x0","0","0","0","0","0x0","0x0","0x0","0","0","0","0","0","0","0","0x0","0x0","0x0","0x0","0x0","0","0","0","-1","0","0","0","0","0","0","0","0","0","0","0","0","0","0","0","0","0","0","0","0","0","0","0","0","0","0","0","0","0","0","0","0","0","0","0","0","0","0","0","0","0","0","0","0","0","0","0","0","0","0","0","0","0","0","0","0","0","0","0","0","0","0","0","0","0","0","0","0","0","0","0","0","0","0","0","0","0","0","0","0","0","0","0","833","2358","0","62.5","0","0","0","0","0","0","0","0","True","True","True","0","0.009","0","0","1920","1080","0","0","1920","1080","0","0","0","0","0","0","0","0","0","False","0","0","0","0","59246","2693","654","952773","2500","2937","106","5432","EntityScanListRead","5432","0","0","0","0","92","5432","0","0","0","0","66","1735","0","0","66","2012","0","0","199","2196","0","0","66","2044","0","0","0","0","0","0","0","0","0","0","0","0","0","0","2448","4286","2.3209","0.0125","2.3084","normal","False","False","True"
"2026/6/29 12:07:35","412.158","412.158","0","40","16.129","62.5","15","0","157","16","16","16","852","852","852","38","7011","0","0","4.721","1134.17","458","51","0","4.328","146.663","146.114","32.771","92","54","1","92","54","951762","ViewMatrix","76","949859","EntityScanListRead","16","951762","ViewMatrix","0","949859","1332","505","110845","31392","951762","1","0","0","0","0","0","51","51","0","0","4","0","0","0","4","4","43","0","0","852","0","0","0","0","0","0.016","2.588","0","0.008","1.618","0.001","0","0","0","0","10","0","1","10","0","2587","EntityScanListRead","2","2587","EntityScanListRead","8","690","ViewMatrix","0","2587","0","0","1613","0","690","1","0","0","51","65536","4096","0","0","0","0","0","0","0","0","0","0","0","1","1","10000","1","0","0","0","1","2000","52","51","0","0","1","2000","51","51","0","0","4","0","0","0","0","0","0","0","52","0","51","0","104","0","0","0","1","102","51","51","1","2000","51","51","0","0","0","4","0","0","1","2000","52","52","0","0","4","0","0","0","0","0","0","0","0","0","52","0","51","0","0","0","0","0.01","0","0","0","0","0.001","0","0","0","0","0","0","0","0","0","0","0","0","0","0","0","0","0","0","0","0.001","0.002","0","0","0","0","0","0","0","0","0","0","0","0","0.006","0","0","0","0","0","0","0","0","0","0","0","0","0","0","0","0","0","0","0","0","0","0","0","0","0","0","0","0","0","0x0","0","0","0x0","0","0","0","0","0x0","0x0","0x0","0","0","0","0","0","0","0","0x0","0x0","0x0","0x0","0x0","0","0","0","-1","0","0","0","0","0","0","0","0","0","0","0","0","0","0","0","0","0","0","0","0","0","0","0","0","0","0","0","0","0","0","0","0","0","0","0","0","0","0","0","0","0","0","0","0","0","0","0","0","0","0","0","0","0","0","0","0","0","0","0","0","0","0","0","0","0","0","0","0","0","0","0","0","0","0","0","0","0","0","0","0","0","0","0","853","2438","0","62.5","828","0","0","0","0","0","0","0","True","True","True","0","0.009","0","0","1920","1080","0","0","1920","1080","0","0","0","0","0","0","0","0","0","False","0","0","0","0","60608","2719","648","952773","2500","1954","39","10042","ViewMatrix","10042","0","0","0","0","27","5614","0","0","0","0","47","4261","0","0","47","973","0","0","142","1613","0","0","51","1025","0","0","0","0","0","0","0","0","0","0","0","0","0","0","1640","10042","2.3664","0.0062","2.3602","normal","False","False","True"
"2026/6/29 12:07:37","381.332","381.332","0","40","15.873","32.258","0","0","149","19","16","16","880","880","880","41","7245","0","0","3.785","1134.17","458","51","0","4.328","146.663","146.114","32.771","92","54","1","92","54","951762","ViewMatrix","76","949859","EntityScanListRead","16","951762","ViewMatrix","0","949859","1332","505","110845","31392","951762","1","0","0","0","0","0","51","51","0","0","4","0","0","0","4","4","43","0","0","880","0","0","0","0","0","0.014","2.618","0","0.007","0.73","0.003","0","0","0","0","6","0","1","6","0","2617","EntityScanListRead","2","2617","EntityScanListRead","4","746","ViewMatrix","0","2617","0","0","725","0","746","1","0","0","51","65536","4096","0","0","0","0","0","0","0","0","0","0","0","1","1","10000","1","0","0","0","1","2000","52","51","0","0","1","2000","51","51","0","0","4","0","0","0","0","0","0","0","52","0","51","0","104","0","0","0","1","102","51","51","1","2000","51","51","0","0","0","4","0","0","1","2000","52","52","0","0","4","0","0","0","0","0","0","0","0","0","52","0","51","0","0","0","0","0.005","0","0","0.001","0","0","0","0","0","0","0","0","0","0","0","0","0","0","0","0","0","0","0","0","0","0","0","0","0","0","0","0","0","0","0","0","0","0","0","0.004","0","0","0","0","0","0","0","0","0","0","0","0","0","0","0","0","0","0","0","0","0","0","0","0","0","0","0","0","0","0x0","0","0","0x0","0","0","0","0","0x0","0x0","0x0","0","0","0","0","0","0","0","0x0","0x0","0x0","0x0","0x0","0","0","0","-1","0","0","0","0","0","0","0","0","0","0","0","0","0","0","0","0","0","0","0","0","0","0","0","0","0","0","0","0","0","0","0","0","0","0","0","0","0","0","0","0","0","0","0","0","0","0","0","0","0","0","0","0","0","0","0","0","0","0","0","0","0","0","0","0","0","0","0","0","0","0","0","0","0","0","0","0","0","0","0","0","0","0","0","880","2519","0","62.5","0","0","0","0","0","0","0","0","True","True","True","0","0.009","0","0","1920","1080","0","0","1920","1080","0","0","0","0","0","0","0","0","0","False","0","0","0","0","62684","2817","673","952776","2500","2076","98","952776","ViewMatrix","952776","0","0","1","681","79","905876","0","0","0","0","51","1838","0","0","51","1048","0","0","151","111079","0","0","51","31657","0","0","0","0","0","0","0","0","0","0","0","0","0","0","1672","952776","2.981","0.0115","2.9695","normal","False","False","True"
"2026/6/29 12:07:39","435.115","435.115","0","40","16.129","32.258","15","0","153","16","16","16","913","913","913","41","7529","0","0","2.957","1134.17","458","51","0","4.328","146.663","146.114","32.771","92","54","1","92","54","951762","ViewMatrix","76","949859","EntityScanListRead","16","951762","ViewMatrix","0","949859","1332","505","110845","31392","951762","1","0","0","0","0","0","51","51","0","0","4","0","0","0","4","4","43","0","0","913","0","0","0","0","0","0.018","2.196","0","0.024","0.299","0.005","0","0","0","0","2","0","1","2","0","2196","EntityScanListRead","2","2196","EntityScanListRead","0","0","Unknown","0","2196","0","0","290","0","0","1","0","0","51","65536","4096","0","0","0","0","0","0","0","0","0","0","0","1","1","10000","1","0","0","0","1","2000","52","51","0","0","1","2000","51","51","0","0","4","0","0","0","0","0","0","0","52","0","51","0","104","0","0","0","1","102","51","51","1","2000","51","51","0","0","0","4","0","0","1","2000","52","52","0","0","4","0","0","0","0","0","0","0","0","0","52","0","51","0","0","0","0","0.005","0","0","0","0","0","0","0","0","0","0","0","0","0","0","0","0","0","0","0","0","0","0","0","0","0","0","0","0","0","0","0","0","0","0","0","0","0","0","0.005","0","0","0","0","0","0","0","0","0","0","0","0","0","0","0","0","0","0","0","0","0","0","0","0","0","0","0","0","0","0x0","0","0","0x0","0","0","0","0","0x0","0x0","0x0","0","0","0","0","0","0","0","0x0","0x0","0x0","0x0","0x0","0","0","0","-1","0","0","0","0","0","0","0","0","0","0","0","0","0","0","0","0","0","0","0","0","0","0","0","0","0","0","0","0","0","0","0","0","0","0","0","0","0","0","0","0","0","0","0","0","0","0","0","0","0","0","0","0","0","0","0","0","0","0","0","0","0","0","0","0","0","0","0","0","0","0","0","0","0","0","0","0","0","0","0","0","0","0","0","913","2599","0","66.666","0","0","0","0","0","0","0","0","True","True","True","0","0.009","0","0","1920","1080","0","0","1920","1080","0","0","0","0","0","0","0","0","0","False","0","0","0","0","65069","2910","661","952776","2500","2875","93","5922","ViewMatrix","5922","0","0","0","0","92","3544","0","0","0","0","51","1239","0","0","51","795","0","0","164","1904","0","0","51","765","0","0","0","0","0","0","0","0","0","0","0","0","0","0","2466","5922","2.4523","0.0147","2.4376","normal","False","False","True"
"2026/6/29 12:07:41","436.441","436.441","0","40","15.873","62.5","0","0","150","16","16","16","934","934","934","41","7717","0","0","3.173","1134.17","458","51","0","4.328","146.663","146.114","32.771","92","54","1","92","54","951762","ViewMatrix","76","949859","EntityScanListRead","16","951762","ViewMatrix","0","949859","1332","505","110845","31392","951762","1","0","0","0","0","0","51","51","0","0","4","0","0","0","4","4","43","0","0","934","0","0","0","0","0","0.014","2.435","0","0.006","0.265","0.003","0","0.001","0","0","3","0","1","3","0","2435","EntityScanListRead","2","2435","EntityScanListRead","1","160","KeyState","0","2435","0","0","259","0","0","1","0","0","51","65536","4096","0","0","0","0","0","0","0","0","0","0","0","1","1","10000","1","0","0","0","1","2000","52","51","0","0","1","2000","51","51","0","0","4","0","0","0","0","0","0","0","52","0","51","0","104","0","0","0","1","102","51","51","1","2000","51","51","0","0","0","4","0","0","1","2000","52","52","0","0","4","0","0","0","0","0","0","0","0","0","52","0","51","0","0","0","0","0.004","0","0","0","0","0","0","0","0","0","0","0","0","0","0","0","0","0","0","0","0","0","0","0","0","0","0","0","0","0","0","0","0","0","0","0","0","0","0","0.004","0","0","0","0","0","0","0","0","0","0","0","0","0","0","0","0","0","0","0","0","0","0","0","0","0","0","0","0","0","0x0","0","0","0x0","0","0","0","0","0x0","0x0","0x0","0","0","0","0","0","0","0","0x0","0x0","0x0","0x0","0x0","0","0","0","-1","0","0","0","0","0","0","0","0","0","0","0","0","0","0","0","0","0","0","0","0","0","0","0","0","0","0","0","0","0","0","0","0","0","0","0","0","0","0","0","0","0","0","0","0","0","0","0","0","0","0","0","0","0","0","0","0","0","0","0","0","0","0","0","0","0","0","0","0","0","0","0","0","0","0","0","0","0","0","0","0","0","0","0","935","2681","0","62.5","672","0","0","0","0","0","0","0","True","True","True","0","0.009","0","0","1920","1080","0","0","1920","1080","0","0","0","0","0","0","0","0","0","False","0","0","0","0","66778","3008","653","952776","2500","2195","98","15354","ViewMatrix","15354","0","0","0","0","80","3544","0","0","0","0","51","1189","0","0","51","521","0","0","152","2088","0","0","51","1196","0","0","0","0","0","0","0","0","0","0","0","0","0","0","1790","15354","2.2991","0.0089","2.2902","normal","False","False","True"
"2026/6/29 12:07:43","451.555","451.555","0","40","16.129","62.5","15","0","148","18","16","16","960","960","960","43","7924","0","0","3.187","1134.17","458","51","0","4.328","146.663","146.114","32.771","92","54","1","92","54","951762","ViewMatrix","76","949859","EntityScanListRead","16","951762","ViewMatrix","0","949859","1332","505","110845","31392","951762","1","0","0","0","0","0","51","51","0","0","4","0","0","0","4","4","43","0","0","960","0","0","0","0","0","0.015","2.466","0","0.005","0.251","0.001","0","0","0","0","2","0","1","2","0","2465","EntityScanListRead","2","2465","EntityScanListRead","0","0","Unknown","0","2465","0","0","248","0","0","1","0","0","51","65536","4096","0","0","0","0","0","0","0","0","0","0","0","1","1","10000","1","0","0","0","1","2000","52","51","0","0","1","2000","51","51","0","0","4","0","0","0","0","0","0","0","52","0","51","0","104","0","0","0","1","102","51","51","1","2000","51","51","0","0","0","4","0","0","1","2000","52","52","0","0","4","0","0","0","0","0","0","0","0","0","52","0","51","0","0","0","0","0.005","0","0","0","0","0","0","0","0","0","0","0","0","0","0","0","0","0","0","0","0","0","0","0","0","0","0","0","0","0","0","0","0","0","0","0","0","0","0","0.005","0","0","0","0","0","0","0","0","0","0","0","0","0","0","0","0","0","0","0","0","0","0","0","0","0","0","0","0","0","0x0","0","0","0x0","0","0","0","0","0x0","0x0","0x0","0","0","0","0","0","0","0","0x0","0x0","0x0","0x0","0x0","0","0","0","-1","0","0","0","0","0","0","0","0","0","0","0","0","0","0","0","0","0","0","0","0","0","0","0","0","0","0","0","0","0","0","0","0","0","0","0","0","0","0","0","0","0","0","0","0","0","0","0","0","0","0","0","0","0","0","0","0","0","0","0","0","0","0","0","0","0","0","0","0","0","0","0","0","0","0","0","0","0","0","0","0","0","0","0","960","2761","0","62.5","15","0","0","0","0","0","0","0","True","True","True","0","0.009","0","0","1920","1080","0","0","1920","1080","0","0","0","0","0","0","0","0","0","False","0","0","0","0","68692","3101","677","952776","2500","1914","93","951196","ViewMatrix","951196","0","0","0","0","77","943272","0","0","0","0","51","1285","0","0","51","1148","0","0","149","110361","0","0","51","31149","0","0","0","0","0","0","0","0","0","0","0","0","0","0","1535","951196","2.0303","0.0096","2.0207","normal","False","False","True"
"2026/6/29 12:07:45","470.771","470.771","0","40","16.129","62.5","15","0","150","16","16","16","992","992","992","43","8206","0","0","3.424","1134.17","458","51","0","4.328","146.663","146.114","32.771","92","54","1","92","54","951762","ViewMatrix","76","949859","EntityScanListRead","16","951762","ViewMatrix","0","949859","1332","505","110845","31392","951762","1","0","0","0","0","0","51","51","0","0","4","0","0","0","4","4","43","0","0","992","0","0","0","0","0","0.014","2.584","0","0.014","0.372","0.001","0","0.001","0","0","5","0","1","5","0","2583","EntityScanListRead","2","2583","EntityScanListRead","3","677","ViewMatrix","0","2583","0","0","369","0","677","1","0","0","51","65536","4096","0","0","0","0","0","0","0","0","0","0","0","1","1","10000","1","0","0","0","1","2000","52","51","0","0","1","2000","51","51","0","0","4","0","0","0","0","0","0","0","52","0","51","0","104","0","0","0","1","102","51","51","1","2000","51","51","0","0","0","4","0","0","1","2000","52","52","0","0","4","0","0","0","0","0","0","0","0","0","52","0","51","0","0","0","0","0.004","0","0","0","0","0","0","0","0","0","0","0","0","0","0","0","0","0","0","0","0","0","0","0","0","0","0","0","0","0","0","0","0","0","0","0","0","0","0","0.004","0","0","0","0","0","0","0","0","0","0","0","0","0","0","0","0","0","0","0","0","0","0","0","0","0","0","0","0","0","0x0","0","0","0x0","0","0","0","0","0x0","0x0","0x0","0","0","0","0","0","0","0","0x0","0x0","0x0","0x0","0x0","0","0","0","-1","0","0","0","0","0","0","0","0","0","0","0","0","0","0","0","0","0","0","0","0","0","0","0","0","0","0","0","0","0","0","0","0","0","0","0","0","0","0","0","0","0","0","0","0","0","0","0","0","0","0","0","0","0","0","0","0","0","0","0","0","0","0","0","0","0","0","0","0","0","0","0","0","0","0","0","0","0","0","0","0","0","0","0","992","2841","0","66.666","0","0","0","0","0","0","0","0","True","True","True","0","0.009","0","0","1920","1080","0","0","1920","1080","0","0","0","0","0","0","0","0","0","False","0","0","0","0","71060","3194","666","952776","2500","2885","93","2851","EntityScanListRead","2851","0","0","0","0","91","2851","0","0","0","0","51","1129","0","0","51","818","0","0","163","1556","0","0","51","727","0","0","0","0","0","0","0","0","0","0","0","0","0","0","2478","2377","1.9727","0.0115","1.9612","normal","False","False","True"
"2026/6/29 12:07:47","419.596","419.596","0","40","16.129","32.258","0","0","96","24","14","14","1019","1019","1019","53","8383","0","0","3.595","1134.17","458","51","0","4.328","146.663","146.114","32.771","92","54","1","92","54","951762","ViewMatrix","76","949859","EntityScanListRead","16","951762","ViewMatrix","0","949859","1332","505","110845","31392","951762","1","0","0","0","0","0","51","51","0","0","4","0","0","0","4","4","43","0","0","1019","0","0","0","0","0","0.018","2.748","0","0.005","0.414","0.002","0","0","0","0.001","8","0","1","8","0","2748","EntityScanListRead","2","2748","EntityScanListRead","6","2252","ViewMatrix","0","2748","0","0","409","0","2252","1","0","0","51","65536","4096","0","0","0","0","0","0","0","0","0","0","0","1","1","10000","1","0","0","0","1","2000","52","51","0","0","1","2000","51","51","0","0","4","0","0","0","0","0","0","0","52","0","51","0","104","0","0","0","1","102","51","51","1","2000","51","51","0","0","0","4","0","0","1","2000","52","52","0","0","4","0","0","0","0","0","0","0","0","0","52","0","51","0","0","0","0","0.01","0","0","0.001","0","0","0","0","0","0","0","0","0","0","0","0","0","0","0","0","0","0","0","0","0","0.001","0","0","0","0","0","0","0","0","0","0","0","0","0","0.008","0","0","0","0","0","0","0","0","0","0","0","0","0","0","0","0","0","0","0","0","0","0","0","0","0","0","0","0","0","0x0","0","0","0x0","0","0","0","0","0x0","0x0","0x0","0","0","0","0","0","0","0","0x0","0x0","0x0","0x0","0x0","0","0","0","-1","0","0","0","0","0","0","0","0","0","0","0","0","0","0","0","0","0","0","0","0","0","0","0","0","0","0","0","0","0","0","0","0","0","0","0","0","0","0","0","0","0","0","0","0","0","0","0","0","0","0","0","0","0","0","0","0","0","0","0","0","0","0","0","0","0","0","0","0","0","0","0","0","0","0","0","0","0","0","0","0","0","0","0","1019","2922","0","62.5","0","0","0","0","0","0","0","0","True","True","True","0","0.009","0","0","1920","1080","0","0","1920","1080","0","0","0","0","0","0","0","0","0","False","0","0","0","0","72742","3292","677","952776","2500","2192","98","86674","EntityScanListRead","86674","0","0","1","508","86","86674","0","0","0","0","51","69869","0","0","51","4301","0","0","158","64479","0","0","51","2027","0","0","0","0","0","0","0","0","0","0","0","0","0","0","1774","83653","1.8188","0.0054","1.8134","normal","False","False","True"
"2026/6/29 12:07:49","453.324","453.324","0","40","16.129","62.5","15","0","147","16","16","16","1051","1051","1051","53","8663","0","0","3.719","1134.17","458","51","0","4.328","146.663","146.114","32.771","92","54","1","92","54","951762","ViewMatrix","76","949859","EntityScanListRead","16","951762","ViewMatrix","0","949859","1332","505","110845","31392","951762","1","0","0","0","0","0","51","51","0","0","4","0","0","0","4","4","43","0","0","1051","0","0","0","0","0","0.019","2.583","0","0.005","0.707","0.005","0","0.001","0","0","8","0","1","8","0","2582","EntityScanListRead","2","2582","EntityScanListRead","6","2259","ViewMatrix","0","2582","0","0","697","0","2259","1","0","0","51","65536","4096","0","0","0","0","0","0","0","0","0","0","0","1","1","10000","1","0","0","0","1","2000","52","51","0","0","1","2000","51","51","0","0","4","0","0","0","0","0","0","0","52","0","51","0","104","0","0","0","1","102","51","51","1","2000","51","51","0","0","0","4","0","0","1","2000","52","52","0","0","4","0","0","0","0","0","0","0","0","0","52","0","51","0","0","0","0","0.002","0","0","0","0","0","0","0","0","0","0","0","0","0","0","0","0","0","0","0","0","0","0","0","0","0","0","0","0","0","0","0","0","0","0","0","0","0","0","0.002","0","0","0","0","0","0","0","0","0","0","0","0","0","0","0","0","0","0","0","0","0","0","0","0","0","0","0","0","0","0x0","0","0","0x0","0","0","0","0","0x0","0x0","0x0","0","0","0","0","0","0","0","0x0","0x0","0x0","0x0","0x0","0","0","0","-1","0","0","0","0","0","0","0","0","0","0","0","0","0","0","0","0","0","0","0","0","0","0","0","0","0","0","0","0","0","0","0","0","0","0","0","0","0","0","0","0","0","0","0","0","0","0","0","0","0","0","0","0","0","0","0","0","0","0","0","0","0","0","0","0","0","0","0","0","0","0","0","0","0","0","0","0","0","0","0","0","0","0","0","1051","3003","0","66.666","0","0","0","0","0","0","0","0","True","True","True","0","0.009","0","0","1920","1080","0","0","1920","1080","0","0","0","0","0","0","0","0","0","False","0","0","0","0","75133","3385","666","952776","2500","2815","93","32763","ViewMatrix","32763","0","0","0","0","91","26400","0","0","0","0","51","1631","0","0","51","556","0","0","163","1564","0","0","51","519","0","0","0","0","0","0","0","0","0","0","0","0","0","0","2408","32763","1.8456","0.0146","1.831","normal","False","False","True"
"2026/6/29 12:07:51","471.941","471.941","0","40","15.873","32.258","0","0","148","16","16","16","1084","1084","1084","53","8941","0","0","3.714","1134.17","458","51","0","4.328","146.663","146.114","32.771","92","54","1","92","54","951762","ViewMatrix","76","949859","EntityScanListRead","16","951762","ViewMatrix","0","949859","1332","505","110845","31392","951762","1","0","0","0","0","0","51","51","0","0","4","0","0","0","4","4","43","0","0","1084","0","0","0","0","0","0.017","2.84","0","0.019","0.438","0.003","0","0.001","0","0","6","0","1","6","0","2840","EntityScanListRead","2","2840","EntityScanListRead","4","2271","ViewMatrix","0","2840","0","0","433","0","2271","1","0","0","51","65536","4096","0","0","0","0","0","0","0","0","0","0","0","1","1","10000","1","0","0","0","1","2000","52","51","0","0","1","2000","51","51","0","0","4","0","0","0","0","0","0","0","52","0","51","0","104","0","0","0","1","102","51","51","1","2000","51","51","0","0","0","4","0","0","1","2000","52","52","0","0","4","0","0","0","0","0","0","0","0","0","52","0","51","0","0","0","0","0.004","0","0","0","0","0","0","0","0","0","0","0","0","0","0","0","0","0","0","0","0","0","0","0","0","0","0","0","0","0","0","0","0","0","0","0","0","0","0","0.004","0","0","0","0","0","0","0","0","0","0","0","0","0","0","0","0","0","0","0","0","0","0","0","0","0","0","0","0","0","0x0","0","0","0x0","0","0","0","0","0x0","0x0","0x0","0","0","0","0","0","0","0","0x0","0x0","0x0","0x0","0x0","0","0","0","-1","0","0","0","0","0","0","0","0","0","0","0","0","0","0","0","0","0","0","0","0","0","0","0","0","0","0","0","0","0","0","0","0","0","0","0","0","0","0","0","0","0","0","0","0","0","0","0","0","0","0","0","0","0","0","0","0","0","0","0","0","0","0","0","0","0","0","0","0","0","0","0","0","0","0","0","0","0","0","0","0","0","0","0","1084","3084","0","62.5","0","0","0","0","0","0","0","0","True","True","True","0","0.009","0","0","1920","1080","0","0","1920","1080","0","0","0","0","0","0","0","0","0","False","0","0","0","0","77538","3483","656","952776","2500","2914","101","3364","EntityScanListRead","3364","0","0","0","0","92","3364","0","0","0","0","54","1862","0","0","54","1364","0","0","166","1770","0","0","54","1181","0","0","0","0","0","0","0","0","0","0","0","0","0","0","2474","2368","2.5417","0.0093","2.5324","normal","False","False","True"
"2026/6/29 12:07:53","413.217","413.217","0","40","15.873","32.258","15","0","160","16","16","16","1098","1098","1098","53","9070","0","0","27.539","1134.17","458","51","0","4.328","146.663","146.114","32.771","92","54","1","92","54","951762","ViewMatrix","76","949859","EntityScanListRead","16","951762","ViewMatrix","0","949859","1332","505","110845","31392","951762","1","0","0","0","0","0","51","51","0","0","4","0","0","0","4","4","43","0","0","1098","0","0","0","0","0","0.013","19.152","0","3.84","2.16","1.919","0","1.917","0","0.001","33","3","1","33","3","19152","EntityScanListRead","22","19152","EntityScanListRead","11","15936","ViewMatrix","0","19152","1690","478","260","829","15936","1","0","0","51","65536","4096","0","4","0","0","0","0","4","0","0","0","4","1","1","10000","1","0","0","0","1","2000","52","51","0","0","1","2000","51","47","4","4","4","4","0","4","0","0","0","0","52","0","51","0","104","0","0","0","1","102","51","51","1","2000","51","48","3","3","3","4","3","0","1","2000","52","48","4","4","4","4","0","0","0","0","0","0","0","0","52","0","51","0","0","0","0","0.004","0","0","0","0","0","0","0","0","0","0","0","0","0","0","0","0","0","0","0","0","0","0","0","0","0","0","0","0","0","0","0","0","0","0","0","0","0","0","0.004","0","0","0","0","0","0","0","0","0","0","0","0","0","0","0","0","0","0","0","0","0","0","0","0","0","0","0","0","0","0x0","0","0","0x0","0","0","0","0","0x0","0x0","0x0","0","0","0","0","0","0","0","0x0","0x0","0x0","0x0","0x0","0","0","0","-1","0","0","0","0","0","0","0","0","0","0","0","0","0","0","0","0","0","0","0","0","0","0","0","0","0","0","0","0","0","0","0","0","0","0","0","0","0","0","0","0","0","0","0","0","0","0","0","0","0","0","0","0","0","0","0","0","0","0","0","0","0","0","0","0","0","0","0","0","0","0","0","0","0","0","0","0","0","0","0","0","0","0","0","1099","3164","0","6.41","0","0","0","0","0","0","0","0","True","True","True","0","0.009","0","0","1920","1080","0","0","1920","1080","0","0","0","0","0","0","0","0","0","False","0","0","0","0","78592","3546","679","952776","2500","1569","66","948690","ViewMatrix","948690","0","0","0","0","74","927771","0","0","0","0","19","1690","0","0","19","741","0","0","67","110963","0","0","14","31857","0","0","0","0","0","0","0","0","0","0","0","0","0","0","1376","948690","1.9899","0.0179","1.972","normal","False","False","True"
"2026/6/29 12:07:55","453.865","453.865","0","40","16.129","32.258","0","0","149","21","16","16","1131","1131","1131","58","9340","0","0","4.67","1134.17","458","51","0","4.328","146.663","146.114","32.771","92","54","1","92","54","951762","ViewMatrix","76","949859","EntityScanListRead","16","951762","ViewMatrix","0","949859","1332","505","110845","31392","951762","1","0","0","0","0","0","51","51","0","0","4","0","0","0","4","4","43","0","16","1131","0","0","0","0","0","0.017","2.588","0","0.008","1.655","0.897","0","0","0","0","10","0","1","10","0","2588","EntityScanListRead","4","2588","EntityScanListRead","6","1675","ViewMatrix","0","2588","0","0","755","0","1675","1","0","0","51","65536","4096","0","0","0","0","0","0","0","0","0","0","0","1","1","10000","1","0","0","0","1","2000","52","51","0","0","1","2000","51","51","0","0","4","0","0","0","0","0","0","0","52","0","51","0","104","0","0","0","1","102","51","51","1","2000","51","50","1","1","1","4","1","0","1","2000","52","52","0","0","4","0","0","0","0","0","0","0","0","0","52","0","51","0","0","0","0","0.004","0","0","0","0","0","0","0","0","0","0","0","0","0","0","0","0","0","0","0","0","0","0","0","0","0","0","0","0","0","0","0","0","0","0","0","0","0","0","0.004","0","0","0","0","0","0","0","0","0","0","0","0","0","0","0","0","0","0","0","0","0","0","0","0","0","0","0","0","0","0x0","0","0","0x0","0","0","0","0","0x0","0x0","0x0","0","0","0","0","0","0","0","0x0","0x0","0x0","0x0","0x0","0","0","0","-1","0","0","0","0","0","0","0","0","0","0","0","0","0","0","0","0","0","0","0","0","0","0","0","0","0","0","0","0","0","0","0","0","0","0","0","0","0","0","0","0","0","0","0","0","0","0","0","0","0","0","0","0","0","0","0","0","0","0","0","0","0","0","0","0","0","0","0","0","0","0","0","0","0","0","0","0","0","0","0","0","0","0","0","1131","3245","0","66.666","16","0","0","0","0","0","0","0","True","True","True","0","0.009","0","0","1920","1080","0","0","1920","1080","0","0","0","0","0","0","0","0","0","False","0","0","0","0","80924","3639","671","952776","2500","2370","96","948690","ViewMatrix","948690","0","0","0","0","84","927771","0","0","0","0","55","1459","0","0","55","749","0","0","165","110963","0","0","51","32079","0","0","0","0","0","0","0","0","0","0","0","0","0","0","1960","948690","4","0.0102","3.9898","normal","False","False","True"
"2026/6/29 12:07:57","450.028","450.028","0","40","16.129","32.258","16","0","160","16","16","16","1163","1163","1163","58","9616","0","0","3.114","1134.17","458","51","0","4.328","146.663","146.114","32.771","92","54","1","92","54","951762","ViewMatrix","76","949859","EntityScanListRead","16","951762","ViewMatrix","0","949859","1332","505","110845","31392","951762","1","0","0","0","0","0","51","51","0","0","4","0","0","0","4","4","43","0","0","1163","0","0","0","0","0","0.017","2.437","0","0.012","0.244","0.001","0","0","0","0","4","0","1","4","0","2437","EntityScanListRead","2","2437","EntityScanListRead","2","247","ViewMatrix","0","2437","0","0","241","0","247","1","0","0","51","65536","4096","0","0","0","0","0","0","0","0","0","0","0","1","1","10000","1","0","0","0","1","2000","52","51","0","0","1","2000","51","51","0","0","4","0","0","0","0","0","0","0","52","0","51","0","104","0","0","0","1","102","51","51","1","2000","51","51","0","0","0","4","0","0","1","2000","52","52","0","0","4","0","0","0","0","0","0","0","0","0","52","0","51","0","0","0","0","0.004","0","0","0","0","0","0","0","0","0","0","0","0","0","0","0","0","0","0","0","0","0","0","0","0","0","0","0","0","0","0","0","0","0","0","0","0","0","0","0.004","0","0","0","0","0","0","0","0","0","0","0","0","0","0","0","0","0","0","0","0","0","0","0","0","0","0","0","0","0","0x0","0","0","0x0","0","0","0","0","0x0","0x0","0x0","0","0","0","0","0","0","0","0x0","0x0","0x0","0x0","0x0","0","0","0","-1","0","0","0","0","0","0","0","0","0","0","0","0","0","0","0","0","0","0","0","0","0","0","0","0","0","0","0","0","0","0","0","0","0","0","0","0","0","0","0","0","0","0","0","0","0","0","0","0","0","0","0","0","0","0","0","0","0","0","0","0","0","0","0","0","0","0","0","0","0","0","0","0","0","0","0","0","0","0","0","0","0","0","0","1163","3325","0","62.5","16","0","0","0","0","0","0","0","True","True","True","0","0.009","0","0","1920","1080","0","0","1920","1080","0","0","0","0","0","0","0","0","0","False","0","0","0","0","83318","3737","661","952776","2500","2907","101","2862","EntityScanListRead","2862","0","0","1","926","91","2862","0","0","0","0","55","1422","0","0","55","1753","0","0","170","1249","0","0","51","2042","0","0","0","0","0","0","0","0","0","0","0","0","0","0","2464","2344","2.0207","0.0136","2.0071","normal","False","False","True"
