"captured_at","fps","render_fps","entity_count","entity_process_hz","entity_scan_hz","entity_publish_hz","entity_publish_age_ms","entity_publish_count","scan_loop_hz","scan_due_hz","scan_started_hz","scan_completed_hz","scan_failed_count","scan_publish_attempt_count","scan_publish_success_count","scan_skip_pending_count","scan_skip_not_due_count","scan_skip_stable_topology_count","scan_overwritten_count","scan_get_ow_entities_ms","scan_max_get_ow_entities_ms","scan_max_get_ow_entities_generation","scan_max_get_ow_entities_records","scan_max_get_ow_entities_pairs","scan_max_record_build_ms","scan_max_match_link_ms","scan_max_cn_ne_target_map_ms","scan_max_component_only_validation_ms","scan_max_dma_reads_delta","scan_max_dma_fail_delta","scan_max_persistent_refresh_count","scan_max_persistent_stale_hit_count","scan_result_raw_count","scan_pending_age_ms","scan_generation","scan_cold_topology_enabled","scan_topology_rescan_request_count","scan_topology_count_probe_count","scan_topology_count_probe_change_count","scan_topology_candidate_count","scan_root_ms","scan_list_read_ms","scan_slot_walk_ms","scan_record_build_ms","scan_match_link_ms","scan_cn_ne_target_map_ms","scan_cn_ne_self_validation_ms","scan_component_only_validation_ms","scan_dynamic_pair_ms","scan_finalize_ms","scan_dma_reads_delta","scan_dma_fail_delta","scan_list_read_count","scan_list_read_fail_count","scan_list_fallback_read_count","scan_record_add_attempt_count","scan_record_duplicate_count","scan_record_header_read_count","scan_record_header_fail_count","scan_record_remote_fallback_read_count","scan_pool_id_read_count","scan_match_lookup_count","scan_match_lookup_hit_count","scan_add_pair_attempt_count","scan_add_pair_duplicate_count","scan_link_decrypt_attempt_count","scan_link_decrypt_success_count","scan_playable_validation_attempt_count","scan_playable_validation_success_count","scan_cn_ne_map_candidate_count","scan_cn_ne_target_map_attempt_count","scan_cn_ne_target_map_success_count","scan_cn_ne_bucket_entry_scan_count","scan_cn_ne_map_candidate_cache_enabled","scan_cn_ne_map_candidate_cache_lookup_count","scan_cn_ne_map_candidate_cache_hit_count","scan_cn_ne_map_candidate_cache_miss_count","scan_cn_ne_map_candidate_persistent_cache_enabled","scan_cn_ne_map_candidate_persistent_cache_ttl_ms","scan_cn_ne_map_candidate_persistent_cache_lookup_count","scan_cn_ne_map_candidate_persistent_cache_hit_count","scan_cn_ne_map_candidate_persistent_cache_miss_count","scan_cn_ne_map_candidate_persistent_cache_store_count","scan_cn_ne_map_candidate_persistent_cache_expired_count","scan_cn_ne_map_candidate_persistent_cache_refresh_budget","scan_cn_ne_map_candidate_persistent_cache_refresh_count","scan_cn_ne_map_candidate_persistent_cache_stale_hit_count","scan_cn_ne_map_diag_enabled","scan_cn_ne_map_candidate_parent_lookup_count","scan_cn_ne_map_candidate_unique_parent_count","scan_cn_ne_map_candidate_duplicate_parent_count","scan_cn_ne_map_candidate_direct_source_count","scan_cn_ne_map_candidate_plus8_source_count","scan_cn_ne_map_candidate_wrapper_source_count","scan_component_only_validation_attempt_count","scan_component_only_validation_success_count","scan_detail_records","scan_detail_total_pairs","scan_light_scan_enabled","scan_light_unvalidated_pairs","scan_light_cap_hits","entity_cycle_ms","entity_cycle_dma_reads_delta","entity_cycle_dma_fail_delta","phase_begin_frame_ms","phase_consume_scan_ms","phase_previous_snapshot_copy_ms","phase_prefetch_ms","phase_previous_index_ms","phase_hot_scatter_prepare_ms","phase_hot_scatter_execute_ms","phase_base_cache_ms","phase_base_decrypt_ms","phase_health_ms","phase_hero_ms","phase_visibility_ms","phase_skeleton_ms","phase_skeleton_velocity_read_ms","phase_skeleton_cache_call_ms","phase_skill_ms","phase_team_name_ms","phase_team_name_hero_lookup_ms","phase_team_name_bot_adjust_ms","phase_team_name_battle_tag_ms","phase_team_name_team_read_ms","phase_local_select_ms","phase_publish_ms","phase_record_sync_ms","phase_entity_loop_wall_ms","phase_entity_loop_setup_ms","phase_entity_header_special_ms","phase_entity_header_component_ms","phase_entity_header_link_ms","phase_entity_special_probe_ms","phase_entity_cache_apply_ms","phase_entity_cache_match_id_ms","phase_entity_cache_record_update_ms","phase_entity_hot_fields_ms","phase_entity_rotation_position_ms","phase_entity_loop_gap_ms","phase_cycle_gap_ms","hot_scatter_requested_count","hot_scatter_prepare_requested_count","hot_scatter_prepare_success_count","hot_scatter_prepare_fail_count","hot_scatter_execute_count","hot_scatter_execute_fail_count","hot_scatter_bytes_requested","hot_scatter_bytes_read","hot_scatter_short_read_count","hot_scatter_batch_items","hot_scatter_batch_requests","hot_scatter_estimated_unique_pages","hot_scatter_success_count","hot_scatter_partial_count","hot_scatter_fallback_read_count","visibility_scatter_hit_count","base_cache_hit_count","base_cache_miss_count","base_decrypt_attempt_count","base_decrypt_success_count","base_decrypt_fail_count","base_decrypt_slow_call_count","base_decrypt_fallback_attempt_count","base_decrypt_fallback_success_count","base_decrypt_fallback_fail_count","base_decrypt_unique_key_count","base_decrypt_duplicate_key_count","base_decrypt_max_duplicate_key_count","base_decrypt_max_duplicate_key_type","base_decrypt_max_duplicate_key_parent","base_decrypt_max_call_ms","base_decrypt_max_call_type","base_decrypt_max_call_parent","base_decrypt_max_call_success","team_name_slow_call_count","team_name_max_call_ms","team_name_max_call_op","team_name_max_call_hero_id","team_name_max_call_link_base","team_name_max_call_team_base","team_name_max_call_success","skeleton_cache_hit_count","skeleton_cache_miss_count","skeleton_block_read_bytes","skeleton_slow_call_count","skeleton_max_call_ms","skeleton_max_call_op","skeleton_max_call_hero_id","skeleton_max_call_entity","skeleton_max_call_bone_base","skeleton_max_call_velocity_base","skeleton_max_call_velocity_bone_data","skeleton_max_call_cache_hit","skeleton_max_call_cache_valid","skeleton_max_call_fallback","skeleton_max_call_max_mapped_index","skeleton_max_call_success","skeleton_fallback_get_bone_pos_count","visibility_fallback_count","skill_due_count","skill_read_count","skill_skipped_not_due_count","entity_record_created_count","entity_record_updated_actor_count","entity_record_link_changed_count","entity_record_link_changed_same_component_count","entity_record_link_changed_component_changed_count","entity_record_link_changed_same_hero_count","entity_record_link_changed_hero_changed_count","entity_record_link_changed_hero_unknown_count","entity_record_link_changed_match_key_count","entity_record_link_changed_link_key_count","entity_record_link_changed_component_key_count","entity_record_mark_missing_count","entity_record_mark_dead_count","entity_record_expired_count","component_cache_hit_count","component_cache_miss_count","component_cache_invalidate_interval_count","component_cache_invalidate_interval_skipped_lifetime_count","component_cache_invalidate_link_change_count","component_cache_invalidate_health_resurrect_count","component_cache_invalidate_hero_change_count","component_cache_link_change_previous_match_id_known_count","component_cache_link_change_previous_match_id_zero_count","component_cache_link_change_previous_match_id_unknown_count","component_cache_link_change_record_alias_hit_count","component_cache_link_change_record_alias_miss_count","component_cache_link_change_record_published_count","component_cache_link_change_record_bases_valid_count","component_cache_link_change_record_match_key_count","component_cache_link_change_record_link_key_count","component_cache_link_change_record_component_key_count","component_cache_link_retain_attempt_count","component_cache_link_retain_success_count","component_cache_link_retain_rejected_disabled_count","component_cache_link_retain_rejected_record_store_disabled_count","component_cache_link_retain_rejected_missing_record_count","component_cache_link_retain_rejected_missing_match_id_count","component_cache_link_retain_rejected_component_changed_count","component_cache_link_retain_rejected_interval_count","component_cache_link_retain_interval_bypassed_lifetime_count","component_cache_link_retain_rejected_hero_changed_count","component_cache_link_retain_rejected_hero_unknown_count","component_cache_link_retain_rejected_decrypt_fail_count","component_cache_link_retain_cached_hero_validate_count","component_cache_link_retain_refresh_decrypt_attempt_count","component_cache_link_retain_refresh_decrypt_success_count","component_cache_link_retain_refresh_decrypt_fail_count","component_cache_link_retain_refresh_link_attempt_count","component_cache_link_retain_refresh_link_success_count","component_cache_link_retain_refresh_link_fail_count","component_cache_link_retain_refresh_hero_attempt_count","component_cache_link_retain_refresh_hero_success_count","component_cache_link_retain_refresh_hero_fail_count","component_cache_link_retain_refresh_visibility_attempt_count","component_cache_link_retain_refresh_visibility_success_count","component_cache_link_retain_refresh_visibility_fail_count","component_cache_link_retain_refresh_angle_attempt_count","component_cache_link_retain_refresh_angle_success_count","component_cache_link_retain_refresh_angle_fail_count","component_cache_link_retain_refresh_angle_skipped_no_prior_count","component_cache_link_retain_refresh_angle_prior_count","component_cache_link_retain_refresh_angle_prior_fail_rejected_count","dynamic_cache_created_count","dynamic_cache_reused_count","dynamic_cache_replaced_count","dynamic_cache_expired_count","record_store_enabled","record_store_size","record_store_fresh_count","record_store_missing_count","record_store_dead_count","record_store_expired_count","record_store_bases_valid_count","record_store_dynamic_valid_count","record_store_published_valid_count","sdk_component_key_cache_hit_count","sdk_component_key_cache_miss_count","sdk_begin_frame_scan_count","sdk_begin_frame_process_count","sdk_begin_frame_unknown_count","viewmatrix_publish_hz","viewmatrix_publish_age_ms","render_viewmatrix_age_ms","render_viewmatrix_max_age_ms","render_viewmatrix_uses","render_viewmatrix_missing_publish_uses","render_viewmatrix_over_16ms","render_viewmatrix_over_33ms","render_viewmatrix_over_50ms","view_matrix_ok","view_matrix_resolved","view_matrix_valid","snapshot_entities_copy_ms","snapshot_entities_copy_max_ms","snapshot_dynamic_copy_ms","snapshot_dynamic_copy_max_ms","manual_width","manual_height","detected_width","detected_height","resolved_wx","resolved_wy","player_info_input","player_info_projected","player_info_drawn","render_prediction_candidates","render_prediction_applied","render_prediction_world_delta_fallback","render_prediction_max_lead_ms","render_prediction_max_offset_cm","skipped_world_to_screen","sample_projected_available","sample_projected_left","sample_projected_top","sample_projected_width","sample_projected_height","dma_total","dma_failed","dma_avg_latency_us","dma_max_latency_us","dma_window_ms","dma_window_total","dma_window_failed","dma_window_max_latency_us","dma_window_max_callsite","dma_window_max_callsite_latency_us","dma_window_entity_scan_reads","dma_window_entity_scan_max_us","dma_window_entity_scan_root_reads","dma_window_entity_scan_root_max_us","dma_window_entity_scan_list_read_reads","dma_window_entity_scan_list_read_max_us","dma_window_entity_scan_record_build_reads","dma_window_entity_scan_record_build_max_us","dma_window_entity_scan_record_match_id_reads","dma_window_entity_scan_record_match_id_max_us","dma_window_entity_scan_record_header_reads","dma_window_entity_scan_record_header_max_us","dma_window_entity_scan_record_pool_ptr_reads","dma_window_entity_scan_record_pool_ptr_max_us","dma_window_entity_scan_record_pool_id_reads","dma_window_entity_scan_record_pool_id_max_us","dma_window_entity_scan_match_link_reads","dma_window_entity_scan_match_link_max_us","dma_window_entity_scan_target_map_reads","dma_window_entity_scan_target_map_max_us","dma_window_entity_scan_self_validation_reads","dma_window_entity_scan_self_validation_max_us","dma_window_entity_scan_component_validation_reads","dma_window_entity_scan_component_validation_max_us","dma_window_entity_decrypt_reads","dma_window_entity_decrypt_max_us","dma_window_entity_base_decrypt_reads","dma_window_entity_base_decrypt_max_us","dma_window_entity_header_special_reads","dma_window_entity_header_special_max_us","dma_window_entity_hot_scatter_reads","dma_window_entity_hot_scatter_max_us","dma_window_entity_hot_fields_reads","dma_window_entity_hot_fields_max_us","dma_window_entity_rotation_position_reads","dma_window_entity_rotation_position_max_us","dma_window_entity_prefetch_reads","dma_window_entity_prefetch_max_us","dma_window_viewmatrix_reads","dma_window_viewmatrix_max_us","render_frame_ms","render_callback_ms","present_ms","render_mode","player_info_called","skill_info_called","entity_list_empty"
"2026/6/29 10:48:06","417.143","417.143","0","40","12.821","32.258","15","0","38.7597","38.7597","12.5969","12.5969","277","277","277","604","0","0","0","60.338","1198.55","23","51","0","1014.65","150.357","149.87","29.778","350","93","4","47","0","0","277","0","0","0","0","0","0.521","2.433","0.001","36.715","2.197","1.936","0.001","17.941","0","0","317","93","52","51","48","4096","0","51","0","51","51","0","0","0","0","52","0","51","0","104","0","0","0","1","102","51","51","1","500","51","20","4","4","31","4","4","27","0","0","0","0","0","0","0","52","0","51","0","0","0","0","0.003","0","0","0","0","0","0","0","0","0","0","0","0","0","0","0","0","0","0","0","0","0","0","0","0","0","0","0","0","0","0","0","0","0","0","0","0","0","0","0.003","0","0","0","0","0","0","0","0","0","0","0","0","0","0","0","0","0","0","0","0","0","0","0","0","0","0","0","0","0","0x0","0","0","0x0","0","0","0","0","0x0","0x0","0x0","0","0","0","0","0","0","0","0x0","0x0","0x0","0x0","0x0","0","0","0","-1","0","0","0","0","0","0","0","0","0","0","0","0","0","0","0","0","0","0","0","0","0","0","0","0","0","0","0","0","0","0","0","0","0","0","0","0","0","0","0","0","0","0","0","0","0","0","0","0","0","0","0","0","0","0","0","0","0","0","0","0","0","0","0","0","0","0","0","0","0","0","0","0","0","0","0","0","0","0","0","0","0","0","0","277","1106","0","66.666","0","0","0","0","0","0","0","0","True","True","True","0","0.003","0","0","1920","1080","0","0","1920","1080","0","0","0","0","0","0","0","0","0","False","0","0","0","0","95590","25796","372","953806","2500","8192","2227","32000","EntityScanRecordMatchId","32000","0","0","23","1088","1247","3006","0","0","1210","32000","1211","2587","0","0","1211","2084","0","0","260","1934","0","0","1248","2315","0","0","0","0","0","0","0","0","0","0","0","0","0","0","1762","31668","2.0939","0.0225","2.0714","normal","False","False","True"
"2026/6/29 10:48:08","389.331","389.331","0","40","12.821","62.5","15","0","36.8574","36.8574","12.6091","12.6091","303","303","303","663","0","0","0","64.174","1198.55","23","51","0","1014.65","150.357","149.87","29.778","350","93","4","47","0","15","303","0","0","0","0","0","0.678","2.223","0","39.251","3.865","2.846","0","17.63","0","0","330","93","52","51","48","4096","0","51","0","51","51","0","0","0","0","52","0","51","0","104","0","0","0","1","102","51","51","1","500","51","24","4","4","27","4","4","23","0","0","0","0","0","0","0","52","0","51","0","0","0","0","0.006","0","0","0","0","0","0","0","0","0","0","0","0","0","0","0","0","0","0","0","0","0","0","0","0","0.001","0","0","0","0","0","0","0","0","0","0","0","0","0","0.005","0","0","0","0","0","0","0","0","0","0","0","0","0","0","0","0","0","0","0","0","0","0","0","0","0","0","0","0","0","0x0","0","0","0x0","0","0","0","0","0x0","0x0","0x0","0","0","0","0","0","0","0","0x0","0x0","0x0","0x0","0x0","0","0","0","-1","0","0","0","0","0","0","0","0","0","0","0","0","0","0","0","0","0","0","0","0","0","0","0","0","0","0","0","0","0","0","0","0","0","0","0","0","0","0","0","0","0","0","0","0","0","0","0","0","0","0","0","0","0","0","0","0","0","0","0","0","0","0","0","0","0","0","0","0","0","0","0","0","0","0","0","0","0","0","0","0","0","0","0","304","1193","0","62.5","15","0","0","0","0","0","0","0","True","True","True","0","0.003","0","0","1920","1080","0","0","1920","1080","0","0","0","0","0","0","0","0","0","False","0","0","0","0","104799","28307","362","953806","2500","8192","2232","3544","ViewMatrix","3544","0","0","24","1817","1248","3219","0","0","1224","2074","1224","2157","0","0","1224","1261","0","0","261","2198","0","0","1246","1911","0","0","0","0","0","0","0","0","0","0","0","0","0","0","1741","3544","2.0813","0.0131","2.0682","normal","False","False","True"
"2026/6/29 10:48:10","468.334","468.334","0","40","12.821","32.258","0","0","41.3923","41.3923","12.2295","12.2295","328","328","328","722","0","0","0","57.321","1198.55","23","51","0","1014.65","150.357","149.87","29.778","350","93","4","47","0","15","328","0","0","0","0","0","0.628","2.082","0","34.73","2.988","2.289","0","16.414","0","0","317","93","52","51","48","4096","0","51","0","51","51","0","0","0","0","52","0","51","0","104","0","0","0","1","102","51","51","1","500","51","24","4","4","27","4","4","23","0","0","0","0","0","0","0","52","0","51","0","0","0","0","0.005","0","0","0","0","0","0","0","0","0","0","0","0","0","0","0","0","0","0","0","0","0","0","0","0","0","0","0","0","0","0","0","0","0","0","0","0","0","0","0.005","0","0","0","0","0","0","0","0","0","0","0","0","0","0","0","0","0","0","0","0","0","0","0","0","0","0","0","0","0","0x0","0","0","0x0","0","0","0","0","0x0","0x0","0x0","0","0","0","0","0","0","0","0x0","0x0","0x0","0x0","0x0","0","0","0","-1","0","0","0","0","0","0","0","0","0","0","0","0","0","0","0","0","0","0","0","0","0","0","0","0","0","0","0","0","0","0","0","0","0","0","0","0","0","0","0","0","0","0","0","0","0","0","0","0","0","0","0","0","0","0","0","0","0","0","0","0","0","0","0","0","0","0","0","0","0","0","0","0","0","0","0","0","0","0","0","0","0","0","0","329","1274","0","66.666","16","0","0","0","0","0","0","0","True","True","True","0","0.003","0","0","1920","1080","0","0","1920","1080","0","0","0","0","0","0","0","0","0","False","0","0","0","0","113367","30637","355","953806","2500","8192","2237","3658","ViewMatrix","3658","0","0","23","950","1248","3531","0","0","1224","2179","1224","2187","0","0","1224","1551","0","0","262","2180","0","0","1214","2322","0","0","0","0","0","0","0","0","0","0","0","0","0","0","1753","3658","1.8607","0.0122","1.8485","normal","False","False","True"
"2026/6/29 10:48:12","419.35","419.35","0","40","10.638","62.5","0","0","19.2044","19.2044","5.94422","5.94422","339","339","339","744","0","0","0","63.299","1211.14","336","51","0","1154.3","7.731","7.166","32.769","356","93","4","47","0","0","339","0","0","0","0","0","0.317","2.117","0","37.98","3.779","2.364","0.001","18.559","0","0","324","93","52","51","48","4096","0","51","0","51","51","0","0","0","0","52","0","51","0","104","0","0","0","1","102","51","51","1","500","51","12","4","4","39","4","4","35","0","0","0","0","0","0","0","52","0","51","0","0","0","0","0.005","0","0","0","0","0","0","0","0","0","0","0","0","0","0","0","0","0","0","0","0","0","0","0","0","0","0","0","0","0","0","0","0","0","0","0","0","0","0","0.005","0","0","0","0","0","0","0","0","0","0","0","0","0","0","0","0","0","0","0","0","0","0","0","0","0","0","0","0","0","0x0","0","0","0x0","0","0","0","0","0x0","0x0","0x0","0","0","0","0","0","0","0","0x0","0x0","0x0","0x0","0x0","0","0","0","-1","0","0","0","0","0","0","0","0","0","0","0","0","0","0","0","0","0","0","0","0","0","0","0","0","0","0","0","0","0","0","0","0","0","0","0","0","0","0","0","0","0","0","0","0","0","0","0","0","0","0","0","0","0","0","0","0","0","0","0","0","0","0","0","0","0","0","0","0","0","0","0","0","0","0","0","0","0","0","0","0","0","0","0","340","1355","0","62.5","0","0","0","0","0","0","0","0","True","True","True","0","0.003","0","0","1920","1080","0","0","1920","1080","0","0","0","0","0","0","0","0","0","False","0","0","0","0","117015","31596","372","954500","2500","5693","1517","954500","EntityScanRecordHeader","954500","0","0","17","12396","833","3531","0","0","852","83871","852","954500","0","0","852","1927","0","0","175","2180","0","0","856","2154","0","0","0","0","0","0","0","0","0","0","0","0","0","0","1256","949753","2.1731","0.0165","2.1566","normal","False","False","True"
"2026/6/29 10:48:14","416.587","416.587","0","40","10.638","32.258","0","0","36.4532","36.4532","12.8079","12.8079","365","365","365","791","0","0","0","62.383","1211.14","336","51","0","1154.3","7.731","7.166","32.769","356","93","4","47","0","0","365","0","0","0","0","0","0.693","2.078","0.002","38.166","4.582","4.349","0.001","16.326","0","0","328","93","52","51","48","4096","0","51","0","51","51","0","0","0","0","52","0","51","0","104","0","0","0","1","102","51","51","1","500","51","20","4","4","31","4","4","27","0","0","0","0","0","0","0","52","0","51","0","0","0","0","0.003","0","0","0","0","0","0","0","0","0","0","0","0","0","0","0","0","0","0","0","0","0","0","0","0","0","0","0","0","0","0","0","0","0","0","0","0","0","0","0.003","0","0","0","0","0","0","0","0","0","0","0","0","0","0","0","0","0","0","0","0","0","0","0","0","0","0","0","0","0","0x0","0","0","0x0","0","0","0","0","0x0","0x0","0x0","0","0","0","0","0","0","0","0x0","0x0","0x0","0x0","0x0","0","0","0","-1","0","0","0","0","0","0","0","0","0","0","0","0","0","0","0","0","0","0","0","0","0","0","0","0","0","0","0","0","0","0","0","0","0","0","0","0","0","0","0","0","0","0","0","0","0","0","0","0","0","0","0","0","0","0","0","0","0","0","0","0","0","0","0","0","0","0","0","0","0","0","0","0","0","0","0","0","0","0","0","0","0","0","0","366","1436","0","66.666","16","0","0","0","0","0","0","0","True","True","True","0","0.003","0","0","1920","1080","0","0","1920","1080","0","0","0","0","0","0","0","0","0","False","0","0","0","0","125984","34078","364","954500","2500","8192","2232","3570","ViewMatrix","3570","0","0","24","899","1248","2908","0","0","1224","2313","1224","1891","0","0","1224","1220","0","0","272","1884","0","0","1265","2061","0","0","0","0","0","0","0","0","0","0","0","0","0","0","1711","3570","2.0919","0.0111","2.0808","normal","False","False","True"
"2026/6/29 10:48:16","478.688","478.688","0","40","12.821","32.258","0","0","24.6305","24.6305","6.89655","6.89655","381","381","381","824","0","0","0","57.675","1211.14","336","51","0","1154.3","7.731","7.166","32.769","356","93","4","47","0","0","381","0","0","0","0","0","0.52","2.088","0","35.237","2.555","2.324","0","16.791","0","0","319","93","52","51","48","4096","0","51","0","51","51","0","0","0","0","52","0","51","0","104","0","0","0","1","102","51","51","1","500","51","24","4","4","27","4","4","23","0","0","0","0","0","0","0","52","0","51","0","0","0","0","0.004","0","0","0","0","0","0","0","0","0","0","0","0","0","0","0","0","0","0","0","0","0","0","0","0","0","0","0","0","0","0","0","0","0","0","0","0","0","0","0.004","0","0","0","0","0","0","0","0","0","0","0","0","0","0","0","0","0","0","0","0","0","0","0","0","0","0","0","0","0","0x0","0","0","0x0","0","0","0","0","0x0","0x0","0x0","0","0","0","0","0","0","0","0x0","0x0","0x0","0x0","0x0","0","0","0","-1","0","0","0","0","0","0","0","0","0","0","0","0","0","0","0","0","0","0","0","0","0","0","0","0","0","0","0","0","0","0","0","0","0","0","0","0","0","0","0","0","0","0","0","0","0","0","0","0","0","0","0","0","0","0","0","0","0","0","0","0","0","0","0","0","0","0","0","0","0","0","0","0","0","0","0","0","0","0","0","0","0","0","0","382","1516","0","62.5","0","0","0","0","0","0","0","0","True","True","True","0","0.003","0","0","1920","1080","0","0","1920","1080","0","0","0","0","0","0","0","0","0","False","0","0","0","0","131478","35571","370","954500","2500","7605","2051","87833","ViewMatrix","87833","0","0","22","49452","1144","2920","0","0","1122","18022","1122","60022","0","0","1122","39916","0","0","234","15992","0","0","1144","87587","0","0","0","0","0","0","0","0","0","0","0","0","0","0","1675","87833","1.7599","0.0108","1.7491","normal","False","False","True"
"2026/6/29 10:48:18","431.78","431.78","0","40","12.821","62.5","0","0","35.3391","35.3391","12.4164","12.4164","407","407","407","874","0","0","0","58.819","1211.14","336","51","0","1154.3","7.731","7.166","32.769","356","93","4","47","0","15","407","0","0","0","0","0","0.7","2.117","0","35.658","4.577","3.587","0","15.282","0","0","318","93","52","51","48","4096","0","51","0","51","51","0","0","0","0","52","0","51","0","104","0","0","0","1","102","51","51","1","500","51","24","4","4","27","4","4","23","0","0","0","0","0","0","0","52","0","51","0","0","0","0","0.004","0","0","0","0","0","0","0","0","0","0","0","0","0","0","0","0","0","0","0","0","0","0","0","0","0","0","0","0","0","0","0","0","0","0","0","0","0","0","0.004","0","0","0","0","0","0","0","0","0","0","0","0","0","0","0","0","0","0","0","0","0","0","0","0","0","0","0","0","0","0x0","0","0","0x0","0","0","0","0","0x0","0x0","0x0","0","0","0","0","0","0","0","0x0","0x0","0x0","0x0","0x0","0","0","0","-1","0","0","0","0","0","0","0","0","0","0","0","0","0","0","0","0","0","0","0","0","0","0","0","0","0","0","0","0","0","0","0","0","0","0","0","0","0","0","0","0","0","0","0","0","0","0","0","0","0","0","0","0","0","0","0","0","0","0","0","0","0","0","0","0","0","0","0","0","0","0","0","0","0","0","0","0","0","0","0","0","0","0","0","408","1598","0","62.5","0","0","0","0","0","0","0","0","True","True","True","0","0.003","0","0","1920","1080","0","0","1920","1080","0","0","0","0","0","0","0","0","0","False","0","0","0","0","140191","37917","364","954500","2500","8192","2237","31513","ViewMatrix","31513","0","0","24","27864","1248","2633","0","0","1229","31316","1229","2010","0","0","1230","1908","0","0","262","1599","0","0","1248","1968","0","0","0","0","0","0","0","0","0","0","0","0","0","0","1722","31513","1.8245","0.0104","1.8141","normal","False","False","True"
"2026/6/29 10:48:20","393.691","393.691","0","40","12.821","62.5","15","0","35","35","13","13","433","433","433","918","0","0","0","59.26","1211.14","336","51","0","1154.3","7.731","7.166","32.769","356","93","4","47","0","0","433","0","0","0","0","0","0.905","2.416","0.001","36.301","2.185","1.922","0.002","16.944","0","0","321","93","52","51","48","4096","0","51","0","51","51","0","0","0","0","52","0","51","0","104","0","0","0","1","102","51","51","1","500","51","24","4","4","27","4","4","23","0","0","0","0","0","0","0","52","0","51","0","0","0","0","0.004","0","0","0","0","0","0","0","0","0","0","0","0","0","0","0","0","0","0","0","0","0","0","0","0","0","0","0","0","0","0","0","0","0","0","0","0","0","0","0.004","0","0","0","0","0","0","0","0","0","0","0","0","0","0","0","0","0","0","0","0","0","0","0","0","0","0","0","0","0","0x0","0","0","0x0","0","0","0","0","0x0","0x0","0x0","0","0","0","0","0","0","0","0x0","0x0","0x0","0x0","0x0","0","0","0","-1","0","0","0","0","0","0","0","0","0","0","0","0","0","0","0","0","0","0","0","0","0","0","0","0","0","0","0","0","0","0","0","0","0","0","0","0","0","0","0","0","0","0","0","0","0","0","0","0","0","0","0","0","0","0","0","0","0","0","0","0","0","0","0","0","0","0","0","0","0","0","0","0","0","0","0","0","0","0","0","0","0","0","0","434","1678","0","66.666","0","0","0","0","0","0","0","0","True","True","True","0","0.003","0","0","1920","1080","0","0","1920","1080","0","0","0","0","0","0","0","0","0","False","0","0","0","0","149105","40359","358","954500","2500","8192","2250","3015","EntityScanListRead","3015","0","0","24","1189","1248","3015","0","0","1240","2246","1239","1931","0","0","1239","2095","0","0","260","2018","0","0","1248","2146","0","0","0","0","0","0","0","0","0","0","0","0","0","0","1674","2336","2.4381","0.0137","2.4244","normal","False","False","True"
"2026/6/29 10:48:22","467.977","467.977","0","40","12.821","32.258","0","0","37","37","13","13","457","457","457","964","0","0","0","57.751","1211.14","336","51","0","1154.3","7.731","7.166","32.769","356","93","4","47","0","15","457","0","0","0","0","0","0.685","2.111","0","35.119","4.46","4.225","0.001","14.896","0","0","317","93","52","51","48","4096","0","51","0","51","51","0","0","0","0","52","0","51","0","104","0","0","0","1","102","51","51","1","500","51","24","4","4","27","4","4","23","0","0","0","0","0","0","0","52","0","51","0","0","0","0","0.005","0","0","0","0","0","0","0","0","0","0","0","0","0","0","0","0","0","0","0","0","0","0","0","0","0","0","0","0","0","0","0","0","0","0","0","0","0","0","0.005","0","0","0","0","0","0","0","0","0","0","0","0","0","0","0","0","0","0","0","0","0","0","0","0","0","0","0","0","0","0x0","0","0","0x0","0","0","0","0","0x0","0x0","0x0","0","0","0","0","0","0","0","0x0","0x0","0x0","0x0","0x0","0","0","0","-1","0","0","0","0","0","0","0","0","0","0","0","0","0","0","0","0","0","0","0","0","0","0","0","0","0","0","0","0","0","0","0","0","0","0","0","0","0","0","0","0","0","0","0","0","0","0","0","0","0","0","0","0","0","0","0","0","0","0","0","0","0","0","0","0","0","0","0","0","0","0","0","0","0","0","0","0","0","0","0","0","0","0","0","458","1759","0","32.258","125","0","0","0","0","0","0","0","True","True","True","0","0.003","0","0","1920","1080","0","0","1920","1080","0","0","0","0","0","0","0","0","0","False","0","0","0","0","157245","42585","353","954500","2500","8192","2238","15748","ViewMatrix","15748","0","0","24","2707","1248","2653","0","0","1232","2201","1232","15209","0","0","1232","1834","0","0","263","1926","0","0","1248","2131","0","0","0","0","0","0","0","0","0","0","0","0","0","0","1713","15748","2.4765","0.012","2.4645","normal","False","False","True"
"2026/6/29 10:48:24","442.584","442.584","0","40","10.638","32.258","16","0","2.46103","2.46103","0.820345","0.820345","470","470","470","990","0","0","0","57.497","1211.14","336","51","0","1154.3","7.731","7.166","32.769","356","93","4","47","0","15","470","0","0","0","0","0","0.64","2.025","0","34.829","2.843","2.61","0","16.695","0","0","318","93","52","51","48","4096","0","51","0","51","51","0","0","0","0","52","0","51","0","104","0","0","0","1","102","51","51","1","500","51","24","4","4","27","4","4","23","0","0","0","0","0","0","0","52","0","51","0","0","0","0","0.005","0","0","0.001","0","0","0","0","0","0","0","0","0","0","0","0","0","0","0","0","0","0","0","0","0","0","0","0","0","0","0","0","0","0","0","0","0","0","0","0.004","0","0","0","0","0","0","0","0","0","0","0","0","0","0","0","0","0","0","0","0","0","0","0","0","0","0","0","0","0","0x0","0","0","0x0","0","0","0","0","0x0","0x0","0x0","0","0","0","0","0","0","0","0x0","0x0","0x0","0x0","0x0","0","0","0","-1","0","0","0","0","0","0","0","0","0","0","0","0","0","0","0","0","0","0","0","0","0","0","0","0","0","0","0","0","0","0","0","0","0","0","0","0","0","0","0","0","0","0","0","0","0","0","0","0","0","0","0","0","0","0","0","0","0","0","0","0","0","0","0","0","0","0","0","0","0","0","0","0","0","0","0","0","0","0","0","0","0","0","0","471","1839","0","62.5","16","0","0","0","0","0","0","0","True","True","True","0","0.003","0","0","1920","1080","0","0","1920","1080","0","0","0","0","0","0","0","0","0","False","0","0","0","0","161587","43769","365","954500","2500","5882","1590","952355","EntityScanRecordMatchId","952355","0","0","18","1861","885","3252","0","0","879","952355","879","15209","0","0","879","1222","0","0","185","83434","0","0","889","1922","0","0","0","0","0","0","0","0","0","0","0","0","0","0","1268","951944","1.8713","0.0083","1.863","normal","False","False","True"
"2026/6/29 10:48:26","406.998","406.998","0","40","12.821","62.5","15","0","38","38","13","13","496","496","496","1037","0","0","0","61.11","1211.14","336","51","0","1154.3","7.731","7.166","32.769","356","93","4","47","0","0","496","0","0","0","0","0","0.689","2.183","0","37.804","2.694","2.206","0","17.232","0","0","324","93","52","51","48","4096","0","51","0","51","51","0","0","0","0","52","0","51","0","104","0","0","0","1","102","51","51","1","500","51","24","4","4","27","4","4","23","0","0","0","0","0","0","0","52","0","51","0","0","0","0","0.004","0","0","0","0","0","0","0","0","0","0","0","0","0","0","0","0","0","0","0","0","0","0","0","0","0","0","0","0","0","0","0","0","0","0","0","0","0","0","0.004","0","0","0","0","0","0","0","0","0","0","0","0","0","0","0","0","0","0","0","0","0","0","0","0","0","0","0","0","0","0x0","0","0","0x0","0","0","0","0","0x0","0x0","0x0","0","0","0","0","0","0","0","0x0","0x0","0x0","0x0","0x0","0","0","0","-1","0","0","0","0","0","0","0","0","0","0","0","0","0","0","0","0","0","0","0","0","0","0","0","0","0","0","0","0","0","0","0","0","0","0","0","0","0","0","0","0","0","0","0","0","0","0","0","0","0","0","0","0","0","0","0","0","0","0","0","0","0","0","0","0","0","0","0","0","0","0","0","0","0","0","0","0","0","0","0","0","0","0","0","496","1920","0","62.5","15","0","0","0","0","0","0","0","True","True","True","0","0.003","0","0","1920","1080","0","0","1920","1080","0","0","0","0","0","0","0","0","0","False","0","0","0","0","170385","46183","360","954500","2500","8192","2237","3009","EntityScanListRead","3009","0","0","24","983","1248","3009","0","0","1224","1976","1224","1949","0","0","1224","1038","0","0","261","1567","0","0","1257","2232","0","0","0","0","0","0","0","0","0","0","0","0","0","0","1710","2354","2.0925","0.0085","2.084","normal","False","False","True"
"2026/6/29 10:48:28","458.454","458.454","0","40","10.638","32.258","0","0","39.7287","39.7287","12.5969","12.5969","520","520","520","1099","0","0","0","58.966","1211.14","336","51","0","1154.3","7.731","7.166","32.769","356","93","4","47","0","0","520","0","0","0","0","0","0.658","2.161","0","36.396","2.534","2.297","0","16.746","0","0","325","93","52","51","48","4096","0","51","0","51","51","0","0","0","0","52","0","51","0","104","0","0","0","1","102","51","51","1","500","51","24","4","4","27","4","4","23","0","0","0","0","0","0","0","52","0","51","0","0","0","0","0.004","0","0","0","0","0","0","0","0","0","0","0","0","0","0","0","0","0","0","0","0","0","0","0","0","0","0","0","0","0","0","0","0","0","0","0","0","0","0","0.004","0","0","0","0","0","0","0","0","0","0","0","0","0","0","0","0","0","0","0","0","0","0","0","0","0","0","0","0","0","0x0","0","0","0x0","0","0","0","0","0x0","0x0","0x0","0","0","0","0","0","0","0","0x0","0x0","0x0","0x0","0x0","0","0","0","-1","0","0","0","0","0","0","0","0","0","0","0","0","0","0","0","0","0","0","0","0","0","0","0","0","0","0","0","0","0","0","0","0","0","0","0","0","0","0","0","0","0","0","0","0","0","0","0","0","0","0","0","0","0","0","0","0","0","0","0","0","0","0","0","0","0","0","0","0","0","0","0","0","0","0","0","0","0","0","0","0","0","0","0","521","2001","0","62.5","0","0","0","0","0","0","0","0","True","True","True","0","0.003","0","0","1920","1080","0","0","1920","1080","0","0","0","0","0","0","0","0","0","False","0","0","0","0","178955","48508","355","954500","2500","8192","2229","2451","EntityScanListRead","2451","0","0","23","1496","1247","2451","0","0","1219","2242","1219","2228","0","0","1219","2184","0","0","261","2105","0","0","1212","2232","0","0","0","0","0","0","0","0","0","0","0","0","0","0","1792","2277","1.6458","0.0075","1.6383","normal","False","False","True"
"2026/6/29 10:48:30","451.202","451.202","0","40","12.821","32.258","15","0","30.0679","30.0679","12.6091","12.6091","537","537","537","1122","0","0","0","66.642","1211.14","336","51","0","1154.3","7.731","7.166","32.769","356","93","4","47","0","0","537","0","0","0","0","0","0.981","3.143","0","37.992","6.217","5.984","0.001","17.819","0","0","333","93","52","51","48","4096","0","51","0","51","51","0","0","0","0","52","0","51","0","104","0","0","0","1","102","51","51","1","500","51","24","4","4","27","4","4","23","0","0","0","0","0","0","0","52","0","51","0","0","0","0","0.005","0","0","0","0","0","0","0","0","0","0","0","0","0","0","0","0","0","0","0","0","0","0","0","0","0","0","0","0","0","0","0","0","0","0","0","0","0","0","0.005","0","0","0","0","0","0","0","0","0","0","0","0","0","0","0","0","0","0","0","0","0","0","0","0","0","0","0","0","0","0x0","0","0","0x0","0","0","0","0","0x0","0x0","0x0","0","0","0","0","0","0","0","0x0","0x0","0x0","0x0","0x0","0","0","0","-1","0","0","0","0","0","0","0","0","0","0","0","0","0","0","0","0","0","0","0","0","0","0","0","0","0","0","0","0","0","0","0","0","0","0","0","0","0","0","0","0","0","0","0","0","0","0","0","0","0","0","0","0","0","0","0","0","0","0","0","0","0","0","0","0","0","0","0","0","0","0","0","0","0","0","0","0","0","0","0","0","0","0","0","538","2081","0","66.666","703","0","0","0","0","0","0","0","True","True","True","0","0.003","0","0","1920","1080","0","0","1920","1080","0","0","0","0","0","0","0","0","0","False","0","0","0","0","184550","50016","353","954500","2500","7652","2066","31308","ViewMatrix","31308","0","0","23","25350","1145","18011","0","0","1148","29548","1148","2228","0","0","1148","2245","0","0","240","2149","0","0","1144","2232","0","0","0","0","0","0","0","0","0","0","0","0","0","0","1656","31308","1.8181","0.0079","1.8102","normal","False","False","True"
"2026/6/29 10:48:32","394.268","394.268","0","40","12.821","32.258","0","0","17.8908","17.8908","7.53296","7.53296","549","549","549","1143","0","0","0","61.037","1432.65","538","51","0","1161.26","2.995","2.771","248.618","389","98","4","47","0","0","549","0","0","0","0","0","0.643","2.081","0.001","36.089","4.517","4.266","0.001","17.199","0","0","325","93","52","51","48","4096","0","51","0","51","51","0","0","0","0","52","0","51","0","104","0","0","0","1","102","51","51","1","500","51","24","4","4","27","4","4","23","0","0","0","0","0","0","0","52","0","51","0","0","0","0","0.005","0","0","0","0","0","0","0","0","0","0","0","0","0","0","0","0","0","0","0","0","0","0","0","0","0","0","0","0","0","0","0","0","0","0","0","0","0","0","0.005","0","0","0","0","0","0","0","0","0","0","0","0","0","0","0","0","0","0","0","0","0","0","0","0","0","0","0","0","0","0x0","0","0","0x0","0","0","0","0","0x0","0x0","0x0","0","0","0","0","0","0","0","0x0","0x0","0x0","0x0","0x0","0","0","0","-1","0","0","0","0","0","0","0","0","0","0","0","0","0","0","0","0","0","0","0","0","0","0","0","0","0","0","0","0","0","0","0","0","0","0","0","0","0","0","0","0","0","0","0","0","0","0","0","0","0","0","0","0","0","0","0","0","0","0","0","0","0","0","0","0","0","0","0","0","0","0","0","0","0","0","0","0","0","0","0","0","0","0","0","549","2162","0","62.5","0","0","0","0","0","0","0","0","True","True","True","0","0.003","0","0","1920","1080","0","0","1920","1080","0","0","0","0","0","0","0","0","0","False","0","0","0","0","188662","51117","369","954500","2500","4112","1101","950199","EntityScanRecordMatchId","950199","0","0","11","66681","623","3730","0","0","586","950199","586","83302","0","0","586","7659","0","0","132","18120","0","0","624","87894","0","0","0","0","0","0","0","0","0","0","0","0","0","0","944","947476","2.898","0.0107","2.8873","normal","False","False","True"
"2026/6/29 10:48:34","475.796","475.796","0","40","12.821","32.258","0","0","38","38","11","11","572","572","572","1198","0","0","0","59.54","1432.65","538","51","0","1161.26","2.995","2.771","248.618","389","98","4","47","0","0","572","0","0","0","0","0","0.675","2.253","0.001","36.826","2.619","2.373","0.001","16.681","0","0","325","93","52","51","48","4096","0","51","0","51","51","0","0","0","0","52","0","51","0","104","0","0","0","1","102","51","51","1","500","51","24","4","4","27","4","4","23","0","0","0","0","0","0","0","52","0","51","0","0","0","0","0.004","0","0","0","0","0","0","0","0","0","0","0","0","0","0","0","0","0","0","0","0","0","0","0","0","0","0","0","0","0","0","0","0","0","0","0","0","0","0","0.004","0","0","0","0","0","0","0","0","0","0","0","0","0","0","0","0","0","0","0","0","0","0","0","0","0","0","0","0","0","0x0","0","0","0x0","0","0","0","0","0x0","0x0","0x0","0","0","0","0","0","0","0","0x0","0x0","0x0","0x0","0x0","0","0","0","-1","0","0","0","0","0","0","0","0","0","0","0","0","0","0","0","0","0","0","0","0","0","0","0","0","0","0","0","0","0","0","0","0","0","0","0","0","0","0","0","0","0","0","0","0","0","0","0","0","0","0","0","0","0","0","0","0","0","0","0","0","0","0","0","0","0","0","0","0","0","0","0","0","0","0","0","0","0","0","0","0","0","0","0","573","2242","0","62.5","0","0","0","0","0","0","0","0","True","True","True","0","0.003","0","0","1920","1080","0","0","1920","1080","0","0","0","0","0","0","0","0","0","False","0","0","0","0","196856","53349","365","954500","2500","8192","2232","31563","ViewMatrix","31563","0","0","23","1882","1247","3229","0","0","1224","2242","1224","2170","0","0","1224","852","0","0","254","2100","0","0","1196","31485","0","0","0","0","0","0","0","0","0","0","0","0","0","0","1800","31563","1.8775","0.007","1.8705","normal","False","False","True"
