"captured_at","fps","render_fps","entity_count","entity_process_hz","entity_scan_hz","entity_publish_hz","entity_publish_age_ms","entity_publish_count","scan_loop_hz","scan_due_hz","scan_started_hz","scan_completed_hz","scan_failed_count","scan_publish_attempt_count","scan_publish_success_count","scan_skip_pending_count","scan_skip_not_due_count","scan_skip_stable_topology_count","scan_overwritten_count","scan_get_ow_entities_ms","scan_max_get_ow_entities_ms","scan_max_get_ow_entities_generation","scan_max_get_ow_entities_records","scan_max_get_ow_entities_pairs","scan_max_record_build_ms","scan_max_match_link_ms","scan_max_cn_ne_target_map_ms","scan_max_component_only_validation_ms","scan_max_dma_reads_delta","scan_max_dma_fail_delta","scan_max_record_match_id_direct_read_count","scan_max_record_match_id_direct_zero_count","scan_max_record_match_id_header_hit_count","scan_max_record_match_id_header_miss_count","scan_max_record_match_id_header_match_count","scan_max_record_match_id_header_mismatch_count","scan_max_record_match_id_header_use_count","scan_max_persistent_refresh_count","scan_max_persistent_stale_hit_count","scan_result_raw_count","scan_pending_age_ms","scan_generation","scan_cold_topology_enabled","scan_topology_rescan_request_count","scan_topology_count_probe_count","scan_topology_count_probe_change_count","scan_topology_candidate_count","scan_root_ms","scan_list_read_ms","scan_slot_walk_ms","scan_record_build_ms","scan_match_link_ms","scan_cn_ne_target_map_ms","scan_cn_ne_self_validation_ms","scan_component_only_validation_ms","scan_dynamic_pair_ms","scan_finalize_ms","scan_dma_reads_delta","scan_dma_fail_delta","scan_list_read_count","scan_list_read_fail_count","scan_list_fallback_read_count","scan_record_add_attempt_count","scan_record_duplicate_count","scan_record_header_read_count","scan_record_header_fail_count","scan_record_remote_fallback_read_count","scan_record_match_id_direct_read_count","scan_record_match_id_direct_zero_count","scan_record_match_id_header_hit_count","scan_record_match_id_header_miss_count","scan_record_match_id_header_match_count","scan_record_match_id_header_mismatch_count","scan_record_match_id_header_use_count","scan_cn_ne_record_match_id_from_header_enabled","scan_cn_ne_record_snapshot_cache_enabled","scan_cn_ne_record_snapshot_cache_ttl_ms","scan_cn_ne_record_snapshot_cache_lookup_count","scan_cn_ne_record_snapshot_cache_hit_count","scan_cn_ne_record_snapshot_cache_store_count","scan_cn_ne_record_snapshot_cache_expired_count","scan_cn_ne_record_snapshot_cache_refresh_budget","scan_cn_ne_record_snapshot_cache_refresh_count","scan_cn_ne_record_snapshot_cache_stale_hit_count","scan_pool_id_read_count","scan_match_lookup_count","scan_match_lookup_hit_count","scan_add_pair_attempt_count","scan_add_pair_duplicate_count","scan_link_decrypt_attempt_count","scan_link_decrypt_success_count","scan_playable_validation_attempt_count","scan_playable_validation_success_count","scan_cn_ne_map_candidate_count","scan_cn_ne_target_map_attempt_count","scan_cn_ne_target_map_success_count","scan_cn_ne_bucket_entry_scan_count","scan_cn_ne_map_candidate_cache_enabled","scan_cn_ne_map_candidate_cache_lookup_count","scan_cn_ne_map_candidate_cache_hit_count","scan_cn_ne_map_candidate_cache_miss_count","scan_cn_ne_map_candidate_persistent_cache_enabled","scan_cn_ne_map_candidate_persistent_cache_ttl_ms","scan_cn_ne_map_candidate_persistent_cache_lookup_count","scan_cn_ne_map_candidate_persistent_cache_hit_count","scan_cn_ne_map_candidate_persistent_cache_miss_count","scan_cn_ne_map_candidate_persistent_cache_store_count","scan_cn_ne_map_candidate_persistent_cache_expired_count","scan_cn_ne_map_candidate_persistent_cache_refresh_budget","scan_cn_ne_map_candidate_persistent_cache_refresh_count","scan_cn_ne_map_candidate_persistent_cache_stale_hit_count","scan_cn_ne_component_negative_cache_enabled","scan_cn_ne_component_negative_cache_ttl_ms","scan_cn_ne_component_negative_cache_lookup_count","scan_cn_ne_component_negative_cache_hit_count","scan_cn_ne_component_negative_cache_store_count","scan_cn_ne_component_negative_cache_expired_count","scan_cn_ne_component_negative_cache_refresh_budget","scan_cn_ne_component_negative_cache_refresh_count","scan_cn_ne_component_negative_cache_stale_hit_count","scan_cn_ne_map_diag_enabled","scan_cn_ne_map_candidate_parent_lookup_count","scan_cn_ne_map_candidate_unique_parent_count","scan_cn_ne_map_candidate_duplicate_parent_count","scan_cn_ne_map_candidate_direct_source_count","scan_cn_ne_map_candidate_plus8_source_count","scan_cn_ne_map_candidate_wrapper_source_count","scan_component_only_validation_attempt_count","scan_component_only_validation_success_count","scan_detail_records","scan_detail_total_pairs","scan_light_scan_enabled","scan_light_unvalidated_pairs","scan_light_cap_hits","entity_cycle_ms","entity_cycle_dma_reads_delta","entity_cycle_dma_fail_delta","phase_begin_frame_ms","phase_consume_scan_ms","phase_previous_snapshot_copy_ms","phase_prefetch_ms","phase_previous_index_ms","phase_hot_scatter_prepare_ms","phase_hot_scatter_execute_ms","phase_base_cache_ms","phase_base_decrypt_ms","phase_health_ms","phase_hero_ms","phase_visibility_ms","phase_skeleton_ms","phase_skeleton_velocity_read_ms","phase_skeleton_cache_call_ms","phase_skill_ms","phase_team_name_ms","phase_team_name_hero_lookup_ms","phase_team_name_bot_adjust_ms","phase_team_name_battle_tag_ms","phase_team_name_team_read_ms","phase_local_select_ms","phase_publish_ms","phase_record_sync_ms","phase_entity_loop_wall_ms","phase_entity_loop_setup_ms","phase_entity_header_special_ms","phase_entity_header_component_ms","phase_entity_header_link_ms","phase_entity_special_probe_ms","phase_entity_cache_apply_ms","phase_entity_cache_match_id_ms","phase_entity_cache_record_update_ms","phase_entity_hot_fields_ms","phase_entity_rotation_position_ms","phase_entity_loop_gap_ms","phase_cycle_gap_ms","hot_scatter_requested_count","hot_scatter_prepare_requested_count","hot_scatter_prepare_success_count","hot_scatter_prepare_fail_count","hot_scatter_execute_count","hot_scatter_execute_fail_count","hot_scatter_bytes_requested","hot_scatter_bytes_read","hot_scatter_short_read_count","hot_scatter_batch_items","hot_scatter_batch_requests","hot_scatter_estimated_unique_pages","hot_scatter_success_count","hot_scatter_partial_count","hot_scatter_fallback_read_count","visibility_scatter_hit_count","base_cache_hit_count","base_cache_miss_count","base_decrypt_attempt_count","base_decrypt_success_count","base_decrypt_fail_count","base_decrypt_slow_call_count","base_decrypt_fallback_attempt_count","base_decrypt_fallback_success_count","base_decrypt_fallback_fail_count","base_decrypt_unique_key_count","base_decrypt_duplicate_key_count","base_decrypt_max_duplicate_key_count","base_decrypt_max_duplicate_key_type","base_decrypt_max_duplicate_key_parent","base_decrypt_max_call_ms","base_decrypt_max_call_type","base_decrypt_max_call_parent","base_decrypt_max_call_success","team_name_slow_call_count","team_name_max_call_ms","team_name_max_call_op","team_name_max_call_hero_id","team_name_max_call_link_base","team_name_max_call_team_base","team_name_max_call_success","skeleton_cache_hit_count","skeleton_cache_miss_count","skeleton_block_read_bytes","skeleton_slow_call_count","skeleton_max_call_ms","skeleton_max_call_op","skeleton_max_call_hero_id","skeleton_max_call_entity","skeleton_max_call_bone_base","skeleton_max_call_velocity_base","skeleton_max_call_velocity_bone_data","skeleton_max_call_cache_hit","skeleton_max_call_cache_valid","skeleton_max_call_fallback","skeleton_max_call_max_mapped_index","skeleton_max_call_success","skeleton_fallback_get_bone_pos_count","visibility_fallback_count","skill_due_count","skill_read_count","skill_skipped_not_due_count","entity_record_created_count","entity_record_updated_actor_count","entity_record_link_changed_count","entity_record_link_changed_same_component_count","entity_record_link_changed_component_changed_count","entity_record_link_changed_same_hero_count","entity_record_link_changed_hero_changed_count","entity_record_link_changed_hero_unknown_count","entity_record_link_changed_match_key_count","entity_record_link_changed_link_key_count","entity_record_link_changed_component_key_count","entity_record_mark_missing_count","entity_record_mark_dead_count","entity_record_expired_count","component_cache_hit_count","component_cache_miss_count","component_cache_invalidate_interval_count","component_cache_invalidate_interval_skipped_lifetime_count","component_cache_invalidate_link_change_count","component_cache_invalidate_health_resurrect_count","component_cache_invalidate_hero_change_count","component_cache_link_change_previous_match_id_known_count","component_cache_link_change_previous_match_id_zero_count","component_cache_link_change_previous_match_id_unknown_count","component_cache_link_change_record_alias_hit_count","component_cache_link_change_record_alias_miss_count","component_cache_link_change_record_published_count","component_cache_link_change_record_bases_valid_count","component_cache_link_change_record_match_key_count","component_cache_link_change_record_link_key_count","component_cache_link_change_record_component_key_count","component_cache_link_retain_attempt_count","component_cache_link_retain_success_count","component_cache_link_retain_rejected_disabled_count","component_cache_link_retain_rejected_record_store_disabled_count","component_cache_link_retain_rejected_missing_record_count","component_cache_link_retain_rejected_missing_match_id_count","component_cache_link_retain_rejected_component_changed_count","component_cache_link_retain_rejected_interval_count","component_cache_link_retain_interval_bypassed_lifetime_count","component_cache_link_retain_rejected_hero_changed_count","component_cache_link_retain_rejected_hero_unknown_count","component_cache_link_retain_rejected_decrypt_fail_count","component_cache_link_retain_cached_hero_validate_count","component_cache_link_retain_refresh_decrypt_attempt_count","component_cache_link_retain_refresh_decrypt_success_count","component_cache_link_retain_refresh_decrypt_fail_count","component_cache_link_retain_refresh_link_attempt_count","component_cache_link_retain_refresh_link_success_count","component_cache_link_retain_refresh_link_fail_count","component_cache_link_retain_refresh_hero_attempt_count","component_cache_link_retain_refresh_hero_success_count","component_cache_link_retain_refresh_hero_fail_count","component_cache_link_retain_refresh_visibility_attempt_count","component_cache_link_retain_refresh_visibility_success_count","component_cache_link_retain_refresh_visibility_fail_count","component_cache_link_retain_refresh_angle_attempt_count","component_cache_link_retain_refresh_angle_success_count","component_cache_link_retain_refresh_angle_fail_count","component_cache_link_retain_refresh_angle_skipped_no_prior_count","component_cache_link_retain_refresh_angle_prior_count","component_cache_link_retain_refresh_angle_prior_fail_rejected_count","dynamic_cache_created_count","dynamic_cache_reused_count","dynamic_cache_replaced_count","dynamic_cache_expired_count","record_store_enabled","record_store_size","record_store_fresh_count","record_store_missing_count","record_store_dead_count","record_store_expired_count","record_store_bases_valid_count","record_store_dynamic_valid_count","record_store_published_valid_count","sdk_component_key_cache_hit_count","sdk_component_key_cache_miss_count","sdk_begin_frame_scan_count","sdk_begin_frame_process_count","sdk_begin_frame_unknown_count","viewmatrix_publish_hz","viewmatrix_publish_age_ms","render_viewmatrix_age_ms","render_viewmatrix_max_age_ms","render_viewmatrix_uses","render_viewmatrix_missing_publish_uses","render_viewmatrix_over_16ms","render_viewmatrix_over_33ms","render_viewmatrix_over_50ms","view_matrix_ok","view_matrix_resolved","view_matrix_valid","snapshot_entities_copy_ms","snapshot_entities_copy_max_ms","snapshot_dynamic_copy_ms","snapshot_dynamic_copy_max_ms","manual_width","manual_height","detected_width","detected_height","resolved_wx","resolved_wy","player_info_input","player_info_projected","player_info_drawn","render_prediction_candidates","render_prediction_applied","render_prediction_world_delta_fallback","render_prediction_max_lead_ms","render_prediction_max_offset_cm","skipped_world_to_screen","sample_projected_available","sample_projected_left","sample_projected_top","sample_projected_width","sample_projected_height","dma_total","dma_failed","dma_avg_latency_us","dma_max_latency_us","dma_window_ms","dma_window_total","dma_window_failed","dma_window_max_latency_us","dma_window_max_callsite","dma_window_max_callsite_latency_us","dma_window_entity_scan_reads","dma_window_entity_scan_max_us","dma_window_entity_scan_root_reads","dma_window_entity_scan_root_max_us","dma_window_entity_scan_list_read_reads","dma_window_entity_scan_list_read_max_us","dma_window_entity_scan_record_build_reads","dma_window_entity_scan_record_build_max_us","dma_window_entity_scan_record_match_id_reads","dma_window_entity_scan_record_match_id_max_us","dma_window_entity_scan_record_header_reads","dma_window_entity_scan_record_header_max_us","dma_window_entity_scan_record_pool_ptr_reads","dma_window_entity_scan_record_pool_ptr_max_us","dma_window_entity_scan_record_pool_id_reads","dma_window_entity_scan_record_pool_id_max_us","dma_window_entity_scan_match_link_reads","dma_window_entity_scan_match_link_max_us","dma_window_entity_scan_target_map_reads","dma_window_entity_scan_target_map_max_us","dma_window_entity_scan_self_validation_reads","dma_window_entity_scan_self_validation_max_us","dma_window_entity_scan_component_validation_reads","dma_window_entity_scan_component_validation_max_us","dma_window_entity_decrypt_reads","dma_window_entity_decrypt_max_us","dma_window_entity_base_decrypt_reads","dma_window_entity_base_decrypt_max_us","dma_window_entity_header_special_reads","dma_window_entity_header_special_max_us","dma_window_entity_hot_scatter_reads","dma_window_entity_hot_scatter_max_us","dma_window_entity_hot_fields_reads","dma_window_entity_hot_fields_max_us","dma_window_entity_rotation_position_reads","dma_window_entity_rotation_position_max_us","dma_window_entity_prefetch_reads","dma_window_entity_prefetch_max_us","dma_window_viewmatrix_reads","dma_window_viewmatrix_max_us","render_frame_ms","render_callback_ms","present_ms","render_mode","player_info_called","skill_info_called","entity_list_empty"
"2026/6/29 11:25:17","400.633","400.633","0","40","16.129","62.5","31","0","141","16","16","16","1153","1153","1153","73","8669","0","0","10.327","1141.47","920","51","0","3.626","178.771","178.051","3.427","101","54","0","0","4","0","0","0","4","4","47","0","0","1153","0","0","0","0","0","0.695","2.206","0","2.953","2.961","2.714","0","1.016","0","0","84","54","52","51","48","4096","0","4","0","0","0","0","4","0","0","0","4","1","1","500","51","47","4","4","4","4","15","4","0","0","0","0","52","0","51","0","104","0","0","0","1","102","51","51","1","500","51","32","4","4","19","4","4","15","1","500","52","48","4","4","4","4","15","0","0","0","0","0","0","0","52","0","51","0","0","0","0","0.006","0","0","0","0","0","0","0","0","0","0","0","0","0","0","0","0","0","0","0","0","0","0","0","0","0","0","0","0","0","0","0","0","0","0","0","0","0","0","0.006","0","0","0","0","0","0","0","0","0","0","0","0","0","0","0","0","0","0","0","0","0","0","0","0","0","0","0","0","0","0x0","0","0","0x0","0","0","0","0","0x0","0x0","0x0","0","0","0","0","0","0","0","0x0","0x0","0x0","0x0","0x0","0","0","0","-1","0","0","0","0","0","0","0","0","0","0","0","0","0","0","0","0","0","0","0","0","0","0","0","0","0","0","0","0","0","0","0","0","0","0","0","0","0","0","0","0","0","0","0","0","0","0","0","0","0","0","0","0","0","0","0","0","0","0","0","0","0","0","0","0","0","0","0","0","0","0","0","0","0","0","0","0","0","0","0","0","0","0","0","1153","3339","0","66.666","16","0","0","0","0","0","0","0","True","True","True","0","0.01","0","0","1920","1080","0","0","1920","1080","0","0","0","0","0","0","0","0","0","False","0","0","0","0","156061","62617","393","955171","2500","5507","2174","2904","EntityScanListRead","2904","0","0","40","727","2080","2904","0","0","0","0","160","1404","0","0","160","1282","0","0","439","1665","0","0","160","1222","0","0","0","0","0","0","0","0","0","0","0","0","0","0","2448","2333","2.51","0.0181","2.4919","normal","False","False","True"
"2026/6/29 11:25:19","427.642","427.642","0","40","16.129","32.258","0","0","134","18","16","16","1188","1188","1188","75","8933","0","0","11.564","1141.47","920","51","0","3.626","178.771","178.051","3.427","101","54","0","0","4","0","0","0","4","4","47","0","0","1188","0","0","0","0","0","1.697","2.1","0","1.038","5.015","4.727","0.001","1.245","0","0","91","55","52","51","48","4096","0","4","0","0","0","0","4","0","0","0","4","1","1","500","51","47","4","4","4","4","15","4","0","0","0","0","52","0","51","0","104","0","0","0","1","102","51","51","1","500","51","32","4","4","19","4","4","15","1","500","52","48","4","4","4","4","15","0","0","0","0","0","0","0","52","0","51","0","0","0","0","0.004","0","0","0","0","0","0","0","0","0","0","0","0","0","0","0","0","0","0","0","0","0","0","0","0","0","0","0","0","0","0","0","0","0","0","0","0","0","0","0.004","0","0","0","0","0","0","0","0","0","0","0","0","0","0","0","0","0","0","0","0","0","0","0","0","0","0","0","0","0","0x0","0","0","0x0","0","0","0","0","0x0","0x0","0x0","0","0","0","0","0","0","0","0x0","0x0","0x0","0x0","0x0","0","0","0","-1","0","0","0","0","0","0","0","0","0","0","0","0","0","0","0","0","0","0","0","0","0","0","0","0","0","0","0","0","0","0","0","0","0","0","0","0","0","0","0","0","0","0","0","0","0","0","0","0","0","0","0","0","0","0","0","0","0","0","0","0","0","0","0","0","0","0","0","0","0","0","0","0","0","0","0","0","0","0","0","0","0","0","0","1188","3427","0","62.5","0","0","0","0","0","0","0","0","True","True","True","0","0.01","0","0","1920","1080","0","0","1920","1080","0","0","0","0","0","0","0","0","0","False","0","0","0","0","160793","64515","388","955171","2500","5431","2169","31838","ViewMatrix","31838","0","0","40","16247","2080","3617","0","0","0","0","160","30130","0","0","160","1931","0","0","438","2164","0","0","160","1367","0","0","0","0","0","0","0","0","0","0","0","0","0","0","2393","31838","2.0441","0.0139","2.0302","normal","False","False","True"
"2026/6/29 11:25:21","422.488","422.488","0","40","12.821","32.258","15","0","24.4866","3.15956","3.15956","3.15956","1202","1202","1202","77","9033","0","0","12.612","1141.47","920","51","0","3.626","178.771","178.051","3.427","101","54","0","0","4","0","0","0","4","4","47","0","0","1202","0","0","0","0","0","0.684","2.702","0","2.37","2.978","2.727","0","3.38","0","0","99","57","52","51","48","4096","0","4","0","0","0","0","4","0","0","0","4","1","1","500","51","47","4","4","4","4","39","4","0","0","0","0","52","0","51","0","104","0","0","0","1","102","51","51","1","500","51","8","4","4","43","4","4","39","1","500","52","48","4","4","4","4","39","0","0","0","0","0","0","0","52","0","51","0","0","0","0","0.005","0","0","0","0","0","0","0","0","0","0","0","0","0","0","0","0","0","0","0","0","0","0","0","0","0","0","0","0","0","0","0","0","0","0","0","0","0","0","0.005","0","0","0","0","0","0","0","0","0","0","0","0","0","0","0","0","0","0","0","0","0","0","0","0","0","0","0","0","0","0x0","0","0","0x0","0","0","0","0","0x0","0x0","0x0","0","0","0","0","0","0","0","0x0","0x0","0x0","0x0","0x0","0","0","0","-1","0","0","0","0","0","0","0","0","0","0","0","0","0","0","0","0","0","0","0","0","0","0","0","0","0","0","0","0","0","0","0","0","0","0","0","0","0","0","0","0","0","0","0","0","0","0","0","0","0","0","0","0","0","0","0","0","0","0","0","0","0","0","0","0","0","0","0","0","0","0","0","0","0","0","0","0","0","0","0","0","0","0","0","1203","3507","0","8","15","0","0","0","0","0","0","0","True","True","True","0","0.01","0","0","1920","1080","0","0","1920","1080","0","0","0","0","0","0","0","0","0","False","0","0","0","0","162598","65279","401","955171","2500","2887","1199","953455","ViewMatrix","953455","0","0","23","916970","1145","3276","0","0","0","0","90","11698","0","0","90","1551","0","0","242","110831","0","0","88","16076","0","0","0","0","0","0","0","0","0","0","0","0","0","0","1194","953455","2.1493","0.0138","2.1355","normal","False","False","True"
"2026/6/29 11:25:23","454.837","454.837","0","40","15.873","62.5","0","0","142","16","16","16","1230","1230","1230","84","9202","0","0","66.889","1141.47","920","51","0","3.626","178.771","178.051","3.427","101","54","0","0","4","0","0","0","4","4","47","0","0","1230","0","0","0","0","0","23.257","2.458","0","33.852","4.508","4.025","0","2.376","0","0","87","54","52","51","48","4096","0","4","0","0","0","0","4","0","0","0","4","1","1","500","51","47","4","4","4","4","19","4","0","0","0","0","52","0","51","0","104","0","0","0","1","102","51","51","1","500","51","28","4","4","23","4","4","19","1","500","52","48","4","4","4","4","19","0","0","0","0","0","0","0","52","0","51","0","0","0","0","0.003","0","0","0","0","0","0","0","0","0","0","0","0","0","0","0","0","0","0","0","0","0","0","0","0","0","0","0","0","0","0","0","0","0","0","0","0","0","0","0.003","0","0","0","0","0","0","0","0","0","0","0","0","0","0","0","0","0","0","0","0","0","0","0","0","0","0","0","0","0","0x0","0","0","0x0","0","0","0","0","0x0","0x0","0x0","0","0","0","0","0","0","0","0x0","0x0","0x0","0x0","0x0","0","0","0","-1","0","0","0","0","0","0","0","0","0","0","0","0","0","0","0","0","0","0","0","0","0","0","0","0","0","0","0","0","0","0","0","0","0","0","0","0","0","0","0","0","0","0","0","0","0","0","0","0","0","0","0","0","0","0","0","0","0","0","0","0","0","0","0","0","0","0","0","0","0","0","0","0","0","0","0","0","0","0","0","0","0","0","0","1231","3589","0","62.5","16","0","0","0","0","0","0","0","True","True","True","0","0.01","0","0","1920","1080","0","0","1920","1080","0","0","0","0","0","0","0","0","0","False","0","0","0","0","166241","66849","404","955171","2500","3949","1738","953455","ViewMatrix","953455","0","0","32","916970","1664","4148","0","0","0","0","128","71770","0","0","128","55374","0","0","353","110831","0","0","127","16076","0","0","0","0","0","0","0","0","0","0","0","0","0","0","1497","953455","2.0683","0.009","2.0593","normal","False","False","True"
"2026/6/29 11:25:25","451.044","451.044","0","40","16.129","62.5","15","0","142","16","16","16","1263","1263","1263","84","9457","0","0","10.324","1141.47","920","51","0","3.626","178.771","178.051","3.427","101","54","0","0","4","0","0","0","4","4","47","0","0","1263","0","0","0","0","0","0.686","2.224","0","3.083","2.893","2.637","0","0.983","0","0","84","54","52","51","48","4096","0","4","0","0","0","0","4","0","0","0","4","1","1","500","51","47","4","4","4","4","15","4","0","0","0","0","52","0","51","0","104","0","0","0","1","102","51","51","1","500","51","32","4","4","19","4","4","15","1","500","52","48","4","4","4","4","15","0","0","0","0","0","0","0","52","0","51","0","0","0","0","0.004","0","0","0","0","0","0","0","0","0","0","0","0","0","0","0","0","0","0","0","0","0","0","0","0","0","0","0","0","0","0","0","0","0","0","0","0","0","0","0.004","0","0","0","0","0","0","0","0","0","0","0","0","0","0","0","0","0","0","0","0","0","0","0","0","0","0","0","0","0","0x0","0","0","0x0","0","0","0","0","0x0","0x0","0x0","0","0","0","0","0","0","0","0x0","0x0","0x0","0x0","0x0","0","0","0","-1","0","0","0","0","0","0","0","0","0","0","0","0","0","0","0","0","0","0","0","0","0","0","0","0","0","0","0","0","0","0","0","0","0","0","0","0","0","0","0","0","0","0","0","0","0","0","0","0","0","0","0","0","0","0","0","0","0","0","0","0","0","0","0","0","0","0","0","0","0","0","0","0","0","0","0","0","0","0","0","0","0","0","0","1263","3669","0","62.5","15","0","0","0","0","0","0","0","True","True","True","0","0.01","0","0","1920","1080","0","0","1920","1080","0","0","0","0","0","0","0","0","0","False","0","0","0","0","170668","68588","399","955171","2500","5450","2173","31436","EntityScanRecordHeader","31436","0","0","40","23235","2080","2662","0","0","0","0","160","31436","0","0","160","2198","0","0","438","1802","0","0","160","1282","0","0","0","0","0","0","0","0","0","0","0","0","0","0","2392","31213","1.8777","0.01","1.8677","normal","False","False","True"
"2026/6/29 11:25:27","446.944","446.944","0","40","15.873","62.5","15","0","143","16","16","16","1296","1296","1296","84","9715","0","0","10.09","1141.47","920","51","0","3.626","178.771","178.051","3.427","101","54","0","0","4","0","0","0","4","4","47","0","0","1296","0","0","0","0","0","0.704","2.432","0","2.987","2.496","2.23","0","1.012","0","0","82","53","52","51","48","4096","0","4","0","0","0","0","4","0","0","0","4","1","1","500","51","47","4","4","4","4","15","4","0","0","0","0","52","0","51","0","104","0","0","0","1","102","51","51","1","500","51","32","4","4","19","4","4","15","1","500","52","48","4","4","4","4","15","0","0","0","0","0","0","0","52","0","51","0","0","0","0","0.004","0","0","0","0","0","0","0","0","0","0","0","0","0","0","0","0","0","0","0","0","0","0","0","0","0","0","0","0","0","0","0","0","0","0","0","0","0","0","0.004","0","0","0","0","0","0","0","0","0","0","0","0","0","0","0","0","0","0","0","0","0","0","0","0","0","0","0","0","0","0x0","0","0","0x0","0","0","0","0","0x0","0x0","0x0","0","0","0","0","0","0","0","0x0","0x0","0x0","0x0","0x0","0","0","0","-1","0","0","0","0","0","0","0","0","0","0","0","0","0","0","0","0","0","0","0","0","0","0","0","0","0","0","0","0","0","0","0","0","0","0","0","0","0","0","0","0","0","0","0","0","0","0","0","0","0","0","0","0","0","0","0","0","0","0","0","0","0","0","0","0","0","0","0","0","0","0","0","0","0","0","0","0","0","0","0","0","0","0","0","1296","3751","0","66.666","0","0","0","0","0","0","0","0","True","True","True","0","0.01","0","0","1920","1080","0","0","1920","1080","0","0","0","0","0","0","0","0","0","False","0","0","0","0","175175","70378","394","955171","2500","5507","2173","3104","EntityScanListRead","3104","0","0","40","1019","2080","3104","0","0","0","0","160","1524","0","0","160","2198","0","0","439","1932","0","0","160","1636","0","0","0","0","0","0","0","0","0","0","0","0","0","0","2448","2350","2.3559","0.0139","2.342","normal","False","False","True"
"2026/6/29 11:25:29","426.913","426.913","0","40","16.129","62.5","15","0","142","16","16","16","1313","1313","1313","84","9857","0","0","10.729","1141.47","920","51","0","3.626","178.771","178.051","3.427","101","54","0","0","4","0","0","0","4","4","47","0","0","1313","0","0","0","0","0","3.296","2.507","0","1.018","2.498","2.259","0","0.945","0","0","78","55","52","51","48","4096","0","4","0","0","0","0","4","0","0","0","4","1","1","500","51","47","4","4","4","4","15","4","0","0","0","0","52","0","51","0","104","0","0","0","1","102","51","51","1","500","51","32","4","4","19","4","4","15","1","500","52","48","4","4","4","4","15","0","0","0","0","0","0","0","52","0","51","0","0","0","0","0.005","0","0","0","0","0","0","0","0","0","0","0","0","0","0","0","0","0","0","0","0","0","0","0","0","0","0","0","0","0","0","0","0","0","0","0","0","0","0","0.005","0","0","0","0","0","0","0","0","0","0","0","0","0","0","0","0","0","0","0","0","0","0","0","0","0","0","0","0","0","0x0","0","0","0x0","0","0","0","0","0x0","0x0","0x0","0","0","0","0","0","0","0","0x0","0x0","0x0","0x0","0x0","0","0","0","-1","0","0","0","0","0","0","0","0","0","0","0","0","0","0","0","0","0","0","0","0","0","0","0","0","0","0","0","0","0","0","0","0","0","0","0","0","0","0","0","0","0","0","0","0","0","0","0","0","0","0","0","0","0","0","0","0","0","0","0","0","0","0","0","0","0","0","0","0","0","0","0","0","0","0","0","0","0","0","0","0","0","0","0","1314","3831","0","62.5","937","0","0","0","0","0","0","0","True","True","True","0","0.01","0","0","1920","1080","0","0","1920","1080","0","0","0","0","0","0","0","0","0","False","0","0","0","0","177493","71301","392","955171","2500","3415","1357","15330","ViewMatrix","15330","0","0","25","3273","1300","3022","0","0","0","0","100","1781","0","0","100","824","0","0","276","1741","0","0","100","1636","0","0","0","0","0","0","0","0","0","0","0","0","0","0","1514","15330","2.2134","0.0101","2.2033","normal","False","False","True"
"2026/6/29 11:25:31","451.4","451.4","0","40","15.873","32.258","0","0","141","17","16","16","1343","1343","1343","85","10084","0","0","9.904","1141.47","920","51","0","3.626","178.771","178.051","3.427","101","54","0","0","4","0","0","0","4","4","47","0","0","1343","0","0","0","0","0","0.498","2.325","0","1.239","2.962","2.448","0","2.445","0","0","85","54","52","51","48","4096","0","4","0","0","0","0","4","0","0","0","4","1","1","500","51","47","4","4","4","4","15","4","0","0","0","0","52","0","51","0","104","0","0","0","1","102","51","51","1","500","51","32","4","4","19","4","4","15","1","500","52","48","4","4","4","4","15","0","0","0","0","0","0","0","52","0","51","0","0","0","0","0.007","0","0","0","0","0","0","0","0","0","0","0","0","0","0","0","0","0","0","0","0","0","0","0","0","0","0","0","0","0","0","0","0","0","0","0","0","0","0","0.007","0","0","0","0","0","0","0","0","0","0","0","0","0","0","0","0","0","0","0","0","0","0","0","0","0","0","0","0","0","0x0","0","0","0x0","0","0","0","0","0x0","0x0","0x0","0","0","0","0","0","0","0","0x0","0x0","0x0","0x0","0x0","0","0","0","-1","0","0","0","0","0","0","0","0","0","0","0","0","0","0","0","0","0","0","0","0","0","0","0","0","0","0","0","0","0","0","0","0","0","0","0","0","0","0","0","0","0","0","0","0","0","0","0","0","0","0","0","0","0","0","0","0","0","0","0","0","0","0","0","0","0","0","0","0","0","0","0","0","0","0","0","0","0","0","0","0","0","0","0","1343","3912","0","62.5","0","0","0","0","0","0","0","0","True","True","True","0","0.01","0","0","1920","1080","0","0","1920","1080","0","0","0","0","0","0","0","0","0","False","0","0","0","0","181577","72932","400","955171","2500","4084","1631","951333","ViewMatrix","951333","0","0","30","913317","1560","3990","0","0","0","0","120","1727","0","0","120","1490","0","0","330","110928","0","0","120","1712","0","0","0","0","0","0","0","0","0","0","0","0","0","0","1784","951333","1.7425","0.015","1.7275","normal","False","False","True"
"2026/6/29 11:25:33","415.273","415.273","0","40","16.129","32.258","15","0","144","16","16","16","1376","1376","1376","85","10339","0","0","9.605","1141.47","920","51","0","3.626","178.771","178.051","3.427","101","54","0","0","4","0","0","0","4","4","47","0","0","1376","0","0","0","0","0","0.61","2.481","0","2.062","2.891","2.625","0","1.099","0","0","82","54","52","51","48","4096","0","4","0","0","0","0","4","0","0","0","4","1","1","500","51","47","4","4","4","4","15","4","0","0","0","0","52","0","51","0","104","0","0","0","1","102","51","51","1","500","51","32","4","4","19","4","4","15","1","500","52","48","4","4","4","4","15","0","0","0","0","0","0","0","52","0","51","0","0","0","0","0.005","0","0","0","0","0","0","0","0","0","0","0","0","0","0","0","0","0","0","0","0","0","0","0","0","0","0","0","0","0","0","0","0","0","0","0","0","0","0","0.005","0","0","0","0","0","0","0","0","0","0","0","0","0","0","0","0","0","0","0","0","0","0","0","0","0","0","0","0","0","0x0","0","0","0x0","0","0","0","0","0x0","0x0","0x0","0","0","0","0","0","0","0","0x0","0x0","0x0","0x0","0x0","0","0","0","-1","0","0","0","0","0","0","0","0","0","0","0","0","0","0","0","0","0","0","0","0","0","0","0","0","0","0","0","0","0","0","0","0","0","0","0","0","0","0","0","0","0","0","0","0","0","0","0","0","0","0","0","0","0","0","0","0","0","0","0","0","0","0","0","0","0","0","0","0","0","0","0","0","0","0","0","0","0","0","0","0","0","0","0","1376","3992","0","66.666","0","0","0","0","0","0","0","0","True","True","True","0","0.01","0","0","1920","1080","0","0","1920","1080","0","0","0","0","0","0","0","0","0","False","0","0","0","0","186062","74721","396","955171","2500","5573","2223","3990","EntityScanListRead","3990","0","0","41","1504","2132","3990","0","0","0","0","164","1508","0","0","164","1719","0","0","451","1993","0","0","164","1712","0","0","0","0","0","0","0","0","0","0","0","0","0","0","2457","2362","2.3744","0.0144","2.36","normal","False","False","True"
"2026/6/29 11:25:36","446.088","446.088","0","40","15.873","32.258","0","0","144","16","16","16","1395","1395","1395","85","10499","0","0","10.017","1141.47","920","51","0","3.626","178.771","178.051","3.427","101","54","0","0","4","0","0","0","4","4","47","0","0","1395","0","0","0","0","0","0.691","2.098","0","0.996","4.884","4.655","0","0.892","0","0","85","55","52","51","48","4096","0","4","0","0","0","0","4","0","0","0","4","1","1","500","51","47","4","4","4","4","15","4","0","0","0","0","52","0","51","0","104","0","0","0","1","102","51","51","1","500","51","32","4","4","19","4","4","15","1","500","52","48","4","4","4","4","15","0","0","0","0","0","0","0","52","0","51","0","0","0","0","0.006","0","0","0","0","0","0","0","0","0","0","0","0","0","0","0","0","0","0","0","0","0","0","0","0","0","0","0","0","0","0","0","0","0","0","0","0","0","0","0.006","0","0","0","0","0","0","0","0","0","0","0","0","0","0","0","0","0","0","0","0","0","0","0","0","0","0","0","0","0","0x0","0","0","0x0","0","0","0","0","0x0","0x0","0x0","0","0","0","0","0","0","0","0x0","0x0","0x0","0x0","0x0","0","0","0","-1","0","0","0","0","0","0","0","0","0","0","0","0","0","0","0","0","0","0","0","0","0","0","0","0","0","0","0","0","0","0","0","0","0","0","0","0","0","0","0","0","0","0","0","0","0","0","0","0","0","0","0","0","0","0","0","0","0","0","0","0","0","0","0","0","0","0","0","0","0","0","0","0","0","0","0","0","0","0","0","0","0","0","0","1396","4073","0","66.666","766","0","0","0","0","0","0","0","True","True","True","0","0.01","0","0","1920","1080","0","0","1920","1080","0","0","0","0","0","0","0","0","0","False","0","0","0","0","188708","75752","393","955171","2500","3742","1464","15169","ViewMatrix","15169","0","0","28","929","1405","2674","0","0","0","0","108","1691","0","0","108","988","0","0","297","1993","0","0","108","919","0","0","0","0","0","0","0","0","0","0","0","0","0","0","1688","15169","2.6142","0.0098","2.6044","normal","False","False","True"
"2026/6/29 11:25:38","459.985","459.985","0","40","16.129","62.5","0","0","138","17","16","16","1422","1422","1422","86","10701","0","0","10.407","1144.21","1396","51","0","958.627","148.26","147.706","33.96","116","59","0","0","4","0","0","0","4","4","47","0","0","1422","0","0","0","0","0","0.706","2.225","0","2.915","3.15","2.898","0","0.968","0","0","86","54","52","51","48","4096","0","4","0","0","0","0","4","0","0","0","4","1","1","500","51","47","4","4","4","4","15","4","0","0","0","0","52","0","51","0","104","0","0","0","1","102","51","51","1","500","51","32","4","4","19","4","4","15","1","500","52","48","4","4","4","4","15","0","0","0","0","0","0","0","52","0","51","0","0","0","0","0.004","0","0","0","0","0","0","0","0","0","0","0","0","0","0","0","0","0","0","0","0","0","0","0","0","0","0","0","0","0","0","0","0","0","0","0","0","0","0","0.004","0","0","0","0","0","0","0","0","0","0","0","0","0","0","0","0","0","0","0","0","0","0","0","0","0","0","0","0","0","0x0","0","0","0x0","0","0","0","0","0x0","0x0","0x0","0","0","0","0","0","0","0","0x0","0x0","0x0","0x0","0x0","0","0","0","-1","0","0","0","0","0","0","0","0","0","0","0","0","0","0","0","0","0","0","0","0","0","0","0","0","0","0","0","0","0","0","0","0","0","0","0","0","0","0","0","0","0","0","0","0","0","0","0","0","0","0","0","0","0","0","0","0","0","0","0","0","0","0","0","0","0","0","0","0","0","0","0","0","0","0","0","0","0","0","0","0","0","0","0","1423","4154","0","62.5","16","0","0","0","0","0","0","0","True","True","True","0","0.01","0","0","1920","1080","0","0","1920","1080","0","0","0","0","0","0","0","0","0","False","0","0","0","0","192396","77220","406","955171","2500","3688","1468","955078","EntityScanRecordHeader","955078","0","0","27","904","1403","3542","0","0","0","0","108","955078","0","0","108","1039","0","0","298","111758","0","0","108","31753","0","0","0","0","0","0","0","0","0","0","0","0","0","0","1616","953709","1.9972","0.0061","1.9911","normal","False","False","True"
"2026/6/29 11:25:40","426.546","426.546","0","40","16.129","62.5","0","0","142","16","16","16","1454","1454","1454","86","10954","0","0","10.617","1144.21","1396","51","0","958.627","148.26","147.706","33.96","116","59","0","0","4","0","0","0","4","4","47","0","0","1454","0","0","0","0","0","0.68","2.095","0","3.651","2.499","2.206","0","1.222","0","0","82","54","52","51","48","4096","0","4","0","0","0","0","4","0","0","0","4","1","1","500","51","47","4","4","4","4","15","4","0","0","0","0","52","0","51","0","104","0","0","0","1","102","51","51","1","500","51","32","4","4","19","4","4","15","1","500","52","48","4","4","4","4","15","0","0","0","0","0","0","0","52","0","51","0","0","0","0","0.004","0","0","0","0","0","0","0","0","0","0","0","0","0","0","0","0","0","0","0","0","0","0","0","0","0","0","0","0","0","0","0","0","0","0","0","0","0","0","0.004","0","0","0","0","0","0","0","0","0","0","0","0","0","0","0","0","0","0","0","0","0","0","0","0","0","0","0","0","0","0x0","0","0","0x0","0","0","0","0","0x0","0x0","0x0","0","0","0","0","0","0","0","0x0","0x0","0x0","0x0","0x0","0","0","0","-1","0","0","0","0","0","0","0","0","0","0","0","0","0","0","0","0","0","0","0","0","0","0","0","0","0","0","0","0","0","0","0","0","0","0","0","0","0","0","0","0","0","0","0","0","0","0","0","0","0","0","0","0","0","0","0","0","0","0","0","0","0","0","0","0","0","0","0","0","0","0","0","0","0","0","0","0","0","0","0","0","0","0","0","1455","4234","0","62.5","0","0","0","0","0","0","0","0","True","True","True","0","0.01","0","0","1920","1080","0","0","1920","1080","0","0","0","0","0","0","0","0","0","False","0","0","0","0","196876","79010","401","955171","2500","5585","2223","3542","EntityScanListRead","3542","0","0","41","924","2132","3542","0","0","0","0","164","1941","0","0","164","1888","0","0","449","1909","0","0","163","1197","0","0","0","0","0","0","0","0","0","0","0","0","0","0","2472","2365","2.6597","0.0142","2.6455","normal","False","False","True"
"2026/6/29 11:25:42","395.594","395.594","0","40","16.129","62.5","15","0","57","20","10","10","1481","1481","1481","99","11098","0","0","9.869","1144.21","1396","51","0","958.627","148.26","147.706","33.96","116","59","0","0","4","0","0","0","4","4","47","0","0","1481","0","0","0","0","0","0.67","2.071","0","1.007","4.674","4.437","0","1.012","0","0","84","55","52","51","48","4096","0","4","0","0","0","0","4","0","0","0","4","1","1","500","51","47","4","4","4","4","15","4","0","0","0","0","52","0","51","0","104","0","0","0","1","102","51","51","1","500","51","32","4","4","19","4","4","15","1","500","52","48","4","4","4","4","15","0","0","0","0","0","0","0","52","0","51","0","0","0","0","0.005","0","0","0","0","0","0","0","0","0","0","0","0","0","0","0","0","0","0","0","0","0","0","0","0","0","0","0","0","0","0","0","0","0","0","0","0","0","0","0.005","0","0","0","0","0","0","0","0","0","0","0","0","0","0","0","0","0","0","0","0","0","0","0","0","0","0","0","0","0","0x0","0","0","0x0","0","0","0","0","0x0","0x0","0x0","0","0","0","0","0","0","0","0x0","0x0","0x0","0x0","0x0","0","0","0","-1","0","0","0","0","0","0","0","0","0","0","0","0","0","0","0","0","0","0","0","0","0","0","0","0","0","0","0","0","0","0","0","0","0","0","0","0","0","0","0","0","0","0","0","0","0","0","0","0","0","0","0","0","0","0","0","0","0","0","0","0","0","0","0","0","0","0","0","0","0","0","0","0","0","0","0","0","0","0","0","0","0","0","0","1481","4314","0","66.666","0","0","0","0","0","0","0","0","True","True","True","0","0.01","0","0","1920","1080","0","0","1920","1080","0","0","0","0","0","0","0","0","0","False","0","0","0","0","200097","80424","405","955171","2500","4316","1848","87569","ViewMatrix","87569","0","0","34","61838","1768","4353","0","0","0","0","136","50225","0","0","136","15145","0","0","374","63116","0","0","136","21330","0","0","0","0","0","0","0","0","0","0","0","0","0","0","1712","87569","1.8979","0.0121","1.8858","normal","False","False","True"
"2026/6/29 11:25:44","420.195","420.195","0","40","16.129","32.258","0","0","141","16","16","16","1513","1513","1513","99","11351","0","0","10.072","1144.21","1396","51","0","958.627","148.26","147.706","33.96","116","59","0","0","4","0","0","0","4","4","47","0","0","1513","0","0","0","0","0","0.659","2.086","0","1.048","4.774","4.522","0","1.033","0","0","84","55","52","51","48","4096","0","4","0","0","0","0","4","0","0","0","4","1","1","500","51","47","4","4","4","4","15","4","0","0","0","0","52","0","51","0","104","0","0","0","1","102","51","51","1","500","51","32","4","4","19","4","4","15","1","500","52","48","4","4","4","4","19","0","0","0","0","0","0","0","52","0","51","0","0","0","0","0.004","0","0","0","0","0","0","0","0","0","0","0","0","0","0","0","0","0","0","0","0","0","0","0","0","0","0","0","0","0","0","0","0","0","0","0","0","0","0","0.004","0","0","0","0","0","0","0","0","0","0","0","0","0","0","0","0","0","0","0","0","0","0","0","0","0","0","0","0","0","0x0","0","0","0x0","0","0","0","0","0x0","0x0","0x0","0","0","0","0","0","0","0","0x0","0x0","0x0","0x0","0x0","0","0","0","-1","0","0","0","0","0","0","0","0","0","0","0","0","0","0","0","0","0","0","0","0","0","0","0","0","0","0","0","0","0","0","0","0","0","0","0","0","0","0","0","0","0","0","0","0","0","0","0","0","0","0","0","0","0","0","0","0","0","0","0","0","0","0","0","0","0","0","0","0","0","0","0","0","0","0","0","0","0","0","0","0","0","0","0","1513","4395","0","62.5","0","0","0","0","0","0","0","0","True","True","True","0","0.01","0","0","1920","1080","0","0","1920","1080","0","0","0","0","0","0","0","0","0","False","0","0","0","0","204505","82158","401","955171","2500","5546","2222","32135","EntityScanRecordHeader","32135","0","0","40","1554","2131","3224","0","0","0","0","163","32135","0","0","163","1252","0","0","451","2137","0","0","164","1033","0","0","0","0","0","0","0","0","0","0","0","0","0","0","2434","31657","2.4809","0.0269","2.454","normal","False","False","True"
"2026/6/29 11:25:46","393.268","393.268","0","40","16.129","62.5","0","0","140","16","16","16","1545","1545","1545","99","11605","0","0","10.669","1144.21","1396","51","0","958.627","148.26","147.706","33.96","116","59","0","0","4","0","0","0","4","4","47","0","0","1545","0","0","0","0","0","0.691","2.258","0","3.255","2.942","2.676","0","1.063","0","0","84","54","52","51","48","4096","0","4","0","0","0","0","4","0","0","0","4","1","1","500","51","47","4","4","4","4","15","4","0","0","0","0","52","0","51","0","104","0","0","0","1","102","51","51","1","500","51","32","4","4","19","4","4","15","1","500","52","48","4","4","4","4","15","0","0","0","0","0","0","0","52","0","51","0","0","0","0","0.005","0","0","0","0","0","0","0","0","0","0","0","0","0","0","0","0","0","0","0","0","0","0","0","0","0","0","0","0","0","0","0","0","0","0","0","0","0","0","0.005","0","0","0","0","0","0","0","0","0","0","0","0","0","0","0","0","0","0","0","0","0","0","0","0","0","0","0","0","0","0x0","0","0","0x0","0","0","0","0","0x0","0x0","0x0","0","0","0","0","0","0","0","0x0","0x0","0x0","0x0","0x0","0","0","0","-1","0","0","0","0","0","0","0","0","0","0","0","0","0","0","0","0","0","0","0","0","0","0","0","0","0","0","0","0","0","0","0","0","0","0","0","0","0","0","0","0","0","0","0","0","0","0","0","0","0","0","0","0","0","0","0","0","0","0","0","0","0","0","0","0","0","0","0","0","0","0","0","0","0","0","0","0","0","0","0","0","0","0","0","1545","4476","0","62.5","0","0","0","0","0","0","0","0","True","True","True","0","0.01","0","0","1920","1080","0","0","1920","1080","0","0","0","0","0","0","0","0","0","False","0","0","0","0","208933","83899","397","955171","2500","5525","2175","3679","EntityScanListRead","3679","0","0","40","1156","2080","3679","0","0","0","0","160","2037","0","0","160","1919","0","0","441","1949","0","0","160","779","0","0","0","0","0","0","0","0","0","0","0","0","0","0","2464","2399","3.4371","0.0115","3.4256","normal","False","False","True"
"2026/6/29 11:25:48","396.244","396.244","0","40","15.873","62.5","15","0","29.1607","3.55619","3.55619","3.55619","1560","1560","1560","99","11712","0","0","10.722","1144.21","1396","51","0","958.627","148.26","147.706","33.96","116","59","0","0","4","0","0","0","4","4","47","0","0","1560","0","0","0","0","0","0.659","2.087","0","1.043","5.183","4.685","0","1.302","0","0","85","55","52","51","48","4096","0","4","0","0","0","0","4","0","0","0","4","1","1","500","51","47","4","4","4","4","27","4","0","0","0","0","52","0","51","0","104","0","0","0","1","102","51","51","1","500","51","20","4","4","31","4","4","27","1","500","52","48","4","4","4","4","27","0","0","0","0","0","0","0","52","0","51","0","0","0","0","0.004","0","0","0","0","0","0","0","0","0","0","0","0","0","0","0","0","0","0","0","0","0","0","0","0","0","0","0","0","0","0","0","0","0","0","0","0","0","0","0.004","0","0","0","0","0","0","0","0","0","0","0","0","0","0","0","0","0","0","0","0","0","0","0","0","0","0","0","0","0","0x0","0","0","0x0","0","0","0","0","0x0","0x0","0x0","0","0","0","0","0","0","0","0x0","0x0","0x0","0x0","0x0","0","0","0","-1","0","0","0","0","0","0","0","0","0","0","0","0","0","0","0","0","0","0","0","0","0","0","0","0","0","0","0","0","0","0","0","0","0","0","0","0","0","0","0","0","0","0","0","0","0","0","0","0","0","0","0","0","0","0","0","0","0","0","0","0","0","0","0","0","0","0","0","0","0","0","0","0","0","0","0","0","0","0","0","0","0","0","0","1560","4556","0","66.666","0","0","0","0","0","0","0","0","True","True","True","0","0.01","0","0","1920","1080","0","0","1920","1080","0","0","0","0","0","0","0","0","0","False","0","0","0","0","210920","84712","407","955171","2500","3076","1247","950262","ViewMatrix","950262","0","0","23","945520","1196","4186","0","0","0","0","92","1300","0","0","92","111190","0","0","253","31657","0","0","92","603","0","0","0","0","0","0","0","0","0","0","0","0","0","0","1328","950262","2.2097","0.0153","2.1944","normal","False","False","True"
"2026/6/29 11:25:50","459.541","459.541","0","40","15.873","32.258","15","0","141","16","16","16","1592","1592","1592","99","11967","0","0","10.062","1144.21","1396","51","0","958.627","148.26","147.706","33.96","116","59","0","0","4","0","0","0","4","4","47","0","0","1592","0","0","0","0","0","0.657","2.039","0","1.404","4.585","4.348","0","0.958","0","0","84","54","52","51","48","4096","0","4","0","0","0","0","4","0","0","0","4","1","1","500","51","47","4","4","4","4","15","4","0","0","0","0","52","0","51","0","104","0","0","0","1","102","51","51","1","500","51","32","4","4","19","4","4","15","1","500","52","48","4","4","4","4","15","0","0","0","0","0","0","0","52","0","51","0","0","0","0","0.004","0","0","0","0","0","0","0","0","0","0","0","0","0","0","0","0","0","0","0","0","0","0","0","0","0","0","0","0","0","0","0","0","0","0","0","0","0","0","0.004","0","0","0","0","0","0","0","0","0","0","0","0","0","0","0","0","0","0","0","0","0","0","0","0","0","0","0","0","0","0x0","0","0","0x0","0","0","0","0","0x0","0x0","0x0","0","0","0","0","0","0","0","0x0","0x0","0x0","0x0","0x0","0","0","0","-1","0","0","0","0","0","0","0","0","0","0","0","0","0","0","0","0","0","0","0","0","0","0","0","0","0","0","0","0","0","0","0","0","0","0","0","0","0","0","0","0","0","0","0","0","0","0","0","0","0","0","0","0","0","0","0","0","0","0","0","0","0","0","0","0","0","0","0","0","0","0","0","0","0","0","0","0","0","0","0","0","0","0","0","1593","4637","0","66.666","0","0","0","0","0","0","0","0","True","True","True","0","0.01","0","0","1920","1080","0","0","1920","1080","0","0","0","0","0","0","0","0","0","False","0","0","0","0","215347","86447","403","955171","2500","5170","2060","111190","EntityScanRecordPoolId","111190","0","0","38","1023","1976","4186","0","0","0","0","152","1872","0","0","152","111190","0","0","419","31657","0","0","152","1421","0","0","0","0","0","0","0","0","0","0","0","0","0","0","2281","106607","3.7657","0.0126","3.7531","normal","False","False","True"
"2026/6/29 11:25:52","429.706","429.706","0","40","16.129","32.258","0","0","142","16","16","16","1625","1625","1625","99","12220","0","0","10.135","1144.21","1396","51","0","958.627","148.26","147.706","33.96","116","59","0","0","4","0","0","0","4","4","47","0","16","1625","0","0","0","0","0","0.327","2.145","0","1.117","4.33","3.285","0.002","1.752","0","0","85","55","52","51","48","4096","0","4","0","0","0","0","4","0","0","0","4","1","1","500","51","47","4","4","4","4","15","4","0","0","0","0","52","0","51","0","104","0","0","0","1","102","51","51","1","500","51","32","4","4","19","4","4","15","1","500","52","48","4","4","4","4","15","0","0","0","0","0","0","0","52","0","51","0","0","0","0","0.005","0","0","0","0","0","0","0","0","0","0","0","0","0","0","0","0","0","0","0","0","0","0","0","0","0","0","0","0","0","0","0","0","0","0","0","0","0","0","0.005","0","0","0","0","0","0","0","0","0","0","0","0","0","0","0","0","0","0","0","0","0","0","0","0","0","0","0","0","0","0x0","0","0","0x0","0","0","0","0","0x0","0x0","0x0","0","0","0","0","0","0","0","0x0","0x0","0x0","0x0","0x0","0","0","0","-1","0","0","0","0","0","0","0","0","0","0","0","0","0","0","0","0","0","0","0","0","0","0","0","0","0","0","0","0","0","0","0","0","0","0","0","0","0","0","0","0","0","0","0","0","0","0","0","0","0","0","0","0","0","0","0","0","0","0","0","0","0","0","0","0","0","0","0","0","0","0","0","0","0","0","0","0","0","0","0","0","0","0","0","1625","4718","0","62.5","0","0","0","0","0","0","0","0","True","True","True","0","0.01","0","0","1920","1080","0","0","1920","1080","0","0","0","0","0","0","0","0","0","False","0","0","0","0","219849","88242","399","955171","2500","5522","2175","3727","EntityScanListRead","3727","0","0","40","1543","2080","3727","0","0","0","0","160","1839","0","0","160","1427","0","0","440","2111","0","0","160","1655","0","0","0","0","0","0","0","0","0","0","0","0","0","0","2462","2449","2.2983","0.0191","2.2792","normal","False","False","True"
"2026/6/29 11:25:54","415.875","415.875","0","40","16.129","62.5","0","0","133","18","16","16","1657","1657","1657","101","12464","0","0","10.014","1144.21","1396","51","0","958.627","148.26","147.706","33.96","116","59","0","0","4","0","0","0","4","4","47","0","0","1657","0","0","0","0","0","0.648","2.042","0","1.743","4.223","3.988","0","0.901","0","0","84","54","52","51","48","4096","0","4","0","0","0","0","4","0","0","0","4","1","1","500","51","47","4","4","4","4","15","4","0","0","0","0","52","0","51","0","104","0","0","0","1","102","51","51","1","500","51","32","4","4","19","4","4","15","1","500","52","48","4","4","4","4","15","0","0","0","0","0","0","0","52","0","51","0","0","0","0","0.004","0","0","0","0","0","0","0","0","0","0","0","0","0","0","0","0","0","0","0","0","0","0","0","0","0","0","0","0","0","0","0","0","0","0","0","0","0","0","0.004","0","0","0","0","0","0","0","0","0","0","0","0","0","0","0","0","0","0","0","0","0","0","0","0","0","0","0","0","0","0x0","0","0","0x0","0","0","0","0","0x0","0x0","0x0","0","0","0","0","0","0","0","0x0","0x0","0x0","0x0","0x0","0","0","0","-1","0","0","0","0","0","0","0","0","0","0","0","0","0","0","0","0","0","0","0","0","0","0","0","0","0","0","0","0","0","0","0","0","0","0","0","0","0","0","0","0","0","0","0","0","0","0","0","0","0","0","0","0","0","0","0","0","0","0","0","0","0","0","0","0","0","0","0","0","0","0","0","0","0","0","0","0","0","0","0","0","0","0","0","1657","4799","0","62.5","0","0","0","0","0","0","0","0","True","True","True","0","0.01","0","0","1920","1080","0","0","1920","1080","0","0","0","0","0","0","0","0","0","False","0","0","0","0","224193","89976","396","955171","2500","5432","2169","33687","ViewMatrix","33687","0","0","40","22136","2080","4348","0","0","0","0","160","29980","0","0","160","1041","0","0","440","1999","0","0","160","1020","0","0","0","0","0","0","0","0","0","0","0","0","0","0","2392","33687","3.5793","0.01","3.5693","normal","False","False","True"
"2026/6/29 11:25:56","457.887","457.887","0","40","15.873","62.5","15","0","142","16","16","16","1680","1680","1680","101","12651","0","0","9.512","1144.21","1396","51","0","958.627","148.26","147.706","33.96","116","59","0","0","4","0","0","0","4","4","47","0","0","1680","0","0","0","0","0","0.787","2.411","0","1.882","2.86","2.612","0","1.108","0","0.001","83","54","52","51","48","4096","0","4","0","0","0","0","4","0","0","0","4","1","1","500","51","47","4","4","4","4","15","4","0","0","0","0","52","0","51","0","104","0","0","0","1","102","51","51","1","500","51","32","4","4","19","4","4","15","1","500","52","48","4","4","4","4","15","0","0","0","0","0","0","0","52","0","51","0","0","0","0","0.01","0","0","0","0","0","0","0","0","0","0","0","0","0","0","0","0","0","0","0","0","0","0","0","0","0.001","0","0","0","0","0","0","0","0","0","0","0","0","0","0.009","0","0","0","0","0","0","0","0","0","0","0","0","0","0","0","0","0","0","0","0","0","0","0","0","0","0","0","0","0","0x0","0","0","0x0","0","0","0","0","0x0","0x0","0x0","0","0","0","0","0","0","0","0x0","0x0","0x0","0x0","0x0","0","0","0","-1","0","0","0","0","0","0","0","0","0","0","0","0","0","0","0","0","0","0","0","0","0","0","0","0","0","0","0","0","0","0","0","0","0","0","0","0","0","0","0","0","0","0","0","0","0","0","0","0","0","0","0","0","0","0","0","0","0","0","0","0","0","0","0","0","0","0","0","0","0","0","0","0","0","0","0","0","0","0","0","0","0","0","0","1681","4879","0","66.666","578","0","0","0","0","0","0","0","True","True","True","0","0.01","0","0","1920","1080","0","0","1920","1080","0","0","0","0","0","0","0","0","0","False","0","0","0","0","227334","91223","393","955171","2500","4231","1681","15236","ViewMatrix","15236","0","0","31","937","1612","3296","0","0","0","0","124","2342","0","0","124","703","0","0","344","1836","0","0","124","1489","0","0","0","0","0","0","0","0","0","0","0","0","0","0","1872","15236","2.0747","0.011","2.0637","normal","False","False","True"
"2026/6/29 11:25:58","452.12","452.12","0","40","16.129","32.258","0","0","56","23","10","10","1698","1698","1698","114","12744","0","0","10.091","1144.21","1396","51","0","958.627","148.26","147.706","33.96","116","59","0","0","4","0","0","0","4","4","47","0","0","1698","0","0","0","0","0","0.714","2.116","0","3.253","2.568","2.3","0","0.983","0","0","83","55","52","51","48","4096","0","4","0","0","0","0","4","0","0","0","4","1","1","500","51","47","4","4","4","4","15","4","0","0","0","0","52","0","51","0","104","0","0","0","1","102","51","51","1","500","51","32","4","4","19","4","4","15","1","500","52","48","4","4","4","4","15","0","0","0","0","0","0","0","52","0","51","0","0","0","0","0.004","0","0","0","0","0","0","0","0","0","0","0","0","0","0","0","0","0","0","0","0","0","0","0","0","0","0","0","0","0","0","0","0","0","0","0","0","0","0","0.004","0","0","0","0","0","0","0","0","0","0","0","0","0","0","0","0","0","0","0","0","0","0","0","0","0","0","0","0","0","0x0","0","0","0x0","0","0","0","0","0x0","0x0","0x0","0","0","0","0","0","0","0","0x0","0x0","0x0","0x0","0x0","0","0","0","-1","0","0","0","0","0","0","0","0","0","0","0","0","0","0","0","0","0","0","0","0","0","0","0","0","0","0","0","0","0","0","0","0","0","0","0","0","0","0","0","0","0","0","0","0","0","0","0","0","0","0","0","0","0","0","0","0","0","0","0","0","0","0","0","0","0","0","0","0","0","0","0","0","0","0","0","0","0","0","0","0","0","0","0","1698","4960","0","62.5","47","0","0","0","0","0","0","0","True","True","True","0","0.01","0","0","1920","1080","0","0","1920","1080","0","0","0","0","0","0","0","0","0","False","0","0","0","0","229575","92203","406","955171","2500","2241","980","947046","ViewMatrix","947046","0","0","18","916051","936","3958","0","0","0","0","72","28265","0","0","72","51036","0","0","197","111204","0","0","72","17001","0","0","0","0","0","0","0","0","0","0","0","0","0","0","854","947046","2.3554","0.0217","2.3337","normal","False","False","True"
"2026/6/29 11:26:00","441.802","441.802","0","40","16.129","32.258","0","0","142","16","16","16","1730","1730","1730","114","12989","0","0","10.538","1144.21","1396","51","0","958.627","148.26","147.706","33.96","116","59","0","0","4","0","0","0","4","4","47","0","0","1730","0","0","0","0","0","0.708","2.213","0","1.427","4.75","4.528","0","0.992","0","0","84","54","52","51","48","4096","0","4","0","0","0","0","4","0","0","0","4","1","1","500","51","47","4","4","4","4","15","4","0","0","0","0","52","0","51","0","104","0","0","0","1","102","51","51","1","500","51","32","4","4","19","4","4","15","1","500","52","48","4","4","4","4","15","0","0","0","0","0","0","0","52","0","51","0","0","0","0","0.005","0","0","0","0","0","0","0","0","0","0","0","0","0","0","0","0","0","0","0","0","0","0","0","0","0","0","0","0","0","0","0","0","0","0","0","0","0","0","0.005","0","0","0","0","0","0","0","0","0","0","0","0","0","0","0","0","0","0","0","0","0","0","0","0","0","0","0","0","0","0x0","0","0","0x0","0","0","0","0","0x0","0x0","0x0","0","0","0","0","0","0","0","0x0","0x0","0x0","0x0","0x0","0","0","0","-1","0","0","0","0","0","0","0","0","0","0","0","0","0","0","0","0","0","0","0","0","0","0","0","0","0","0","0","0","0","0","0","0","0","0","0","0","0","0","0","0","0","0","0","0","0","0","0","0","0","0","0","0","0","0","0","0","0","0","0","0","0","0","0","0","0","0","0","0","0","0","0","0","0","0","0","0","0","0","0","0","0","0","0","1731","5040","0","62.5","0","0","0","0","0","0","0","0","True","True","True","0","0.01","0","0","1920","1080","0","0","1920","1080","0","0","0","0","0","0","0","0","0","False","0","0","0","0","234017","93991","403","955171","2500","5520","2222","31831","ViewMatrix","31831","0","0","41","27940","2132","3300","0","0","0","0","164","2432","0","0","164","1390","0","0","452","2329","0","0","161","1154","0","0","0","0","0","0","0","0","0","0","0","0","0","0","2406","31831","2.0744","0.0128","2.0616","normal","False","False","True"
"2026/6/29 11:26:02","433.338","433.338","0","40","15.873","62.5","0","0","141","16","16","16","1763","1763","1763","114","13242","0","0","10.547","1144.21","1396","51","0","958.627","148.26","147.706","33.96","116","59","0","0","4","0","0","0","4","4","47","0","0","1763","0","0","0","0","0","0.685","2.07","0","1.329","4.975","4.689","0.001","1.023","0","0","84","54","52","51","48","4096","0","4","0","0","0","0","4","0","0","0","4","1","1","500","51","47","4","4","4","4","15","4","0","0","0","0","52","0","51","0","104","0","0","0","1","102","51","51","1","500","51","32","4","4","19","4","4","15","1","500","52","48","4","4","4","4","15","0","0","0","0","0","0","0","52","0","51","0","0","0","0","0.006","0","0","0","0","0","0","0","0","0","0","0","0","0","0","0","0","0","0","0","0","0","0","0","0","0.001","0","0","0","0","0","0","0","0","0","0","0","0","0","0.005","0","0","0","0","0","0","0","0","0","0","0","0","0","0","0","0","0","0","0","0","0","0","0","0","0","0","0","0","0","0x0","0","0","0x0","0","0","0","0","0x0","0x0","0x0","0","0","0","0","0","0","0","0x0","0x0","0x0","0x0","0x0","0","0","0","-1","0","0","0","0","0","0","0","0","0","0","0","0","0","0","0","0","0","0","0","0","0","0","0","0","0","0","0","0","0","0","0","0","0","0","0","0","0","0","0","0","0","0","0","0","0","0","0","0","0","0","0","0","0","0","0","0","0","0","0","0","0","0","0","0","0","0","0","0","0","0","0","0","0","0","0","0","0","0","0","0","0","0","0","1763","5121","0","62.5","0","0","0","0","0","0","0","0","True","True","True","0","0.01","0","0","1920","1080","0","0","1920","1080","0","0","0","0","0","0","0","0","0","False","0","0","0","0","238449","95732","399","955171","2500","5524","2174","3003","EntityScanListRead","3003","0","0","40","1552","2080","3003","0","0","0","0","160","2292","0","0","160","1092","0","0","440","2057","0","0","160","1405","0","0","0","0","0","0","0","0","0","0","0","0","0","0","2464","2390","2.0746","0.0126","2.062","normal","False","False","True"
"2026/6/29 11:26:04","411.568","411.568","0","40","15.873","62.5","15","0","142","16","16","16","1781","1781","1781","114","13389","0","0","10.304","1144.21","1396","51","0","958.627","148.26","147.706","33.96","116","59","0","0","4","0","0","0","4","4","47","0","0","1781","0","0","0","0","0","0.746","2.074","0","1.386","4.713","4.454","0","0.937","0","0","86","54","52","51","48","4096","0","4","0","0","0","0","4","0","0","0","4","1","1","500","51","47","4","4","4","4","15","4","0","0","0","0","52","0","51","0","104","0","0","0","1","102","51","51","1","500","51","32","4","4","19","4","4","15","1","500","52","48","4","4","4","4","15","0","0","0","0","0","0","0","52","0","51","0","0","0","0","0.007","0","0","0","0","0","0","0","0","0","0","0","0","0","0","0","0","0","0","0","0","0","0","0","0","0","0","0","0","0","0","0","0","0","0","0","0","0","0","0.007","0","0","0","0","0","0","0","0","0","0","0","0","0","0","0","0","0","0","0","0","0","0","0","0","0","0","0","0","0","0x0","0","0","0x0","0","0","0","0","0x0","0x0","0x0","0","0","0","0","0","0","0","0x0","0x0","0x0","0x0","0x0","0","0","0","-1","0","0","0","0","0","0","0","0","0","0","0","0","0","0","0","0","0","0","0","0","0","0","0","0","0","0","0","0","0","0","0","0","0","0","0","0","0","0","0","0","0","0","0","0","0","0","0","0","0","0","0","0","0","0","0","0","0","0","0","0","0","0","0","0","0","0","0","0","0","0","0","0","0","0","0","0","0","0","0","0","0","0","0","1782","5201","0","66.666","844","0","0","0","0","0","0","0","True","True","True","0","0.01","0","0","1920","1080","0","0","1920","1080","0","0","0","0","0","0","0","0","0","False","0","0","0","0","241016","96762","397","955171","2500","3654","1464","15158","ViewMatrix","15158","0","0","27","1558","1404","2654","0","0","0","0","108","2164","0","0","108","787","0","0","287","2118","0","0","104","1405","0","0","0","0","0","0","0","0","0","0","0","0","0","0","1616","15158","2.36","0.0141","2.3459","normal","False","False","True"
"2026/6/29 11:26:06","414.611","414.611","0","40","16.129","32.258","0","0","120","17","15","15","1811","1811","1811","116","13602","0","0","10.388","1144.21","1396","51","0","958.627","148.26","147.706","33.96","116","59","0","0","4","0","0","0","4","4","47","0","0","1811","0","0","0","0","0","0.669","2.142","0","1.376","4.746","4.481","0","1.021","0","0","84","54","52","51","48","4096","0","4","0","0","0","0","4","0","0","0","4","1","1","500","51","47","4","4","4","4","15","4","0","0","0","0","52","0","51","0","104","0","0","0","1","102","51","51","1","500","51","32","4","4","19","4","4","15","1","500","52","48","4","4","4","4","15","0","0","0","0","0","0","0","52","0","51","0","0","0","0","0.005","0","0","0","0","0","0","0","0","0","0","0","0","0","0","0","0","0","0","0","0","0","0","0","0","0","0","0","0","0","0","0","0","0","0","0","0","0","0","0.005","0","0","0","0","0","0","0","0","0","0","0","0","0","0","0","0","0","0","0","0","0","0","0","0","0","0","0","0","0","0x0","0","0","0x0","0","0","0","0","0x0","0x0","0x0","0","0","0","0","0","0","0","0x0","0x0","0x0","0x0","0x0","0","0","0","-1","0","0","0","0","0","0","0","0","0","0","0","0","0","0","0","0","0","0","0","0","0","0","0","0","0","0","0","0","0","0","0","0","0","0","0","0","0","0","0","0","0","0","0","0","0","0","0","0","0","0","0","0","0","0","0","0","0","0","0","0","0","0","0","0","0","0","0","0","0","0","0","0","0","0","0","0","0","0","0","0","0","0","0","1811","5282","0","66.666","16","0","0","0","0","0","0","0","True","True","True","0","0.01","0","0","1920","1080","0","0","1920","1080","0","0","0","0","0","0","0","0","0","False","0","0","0","0","244957","98339","404","955171","2500","3941","1577","954782","EntityScanTargetMap","954782","0","0","29","94878","1508","2834","0","0","0","0","116","31794","0","0","116","31681","0","0","330","954782","0","0","120","1730","0","0","0","0","0","0","0","0","0","0","0","0","0","0","1702","951153","2.678","0.0124","2.6656","normal","False","False","True"
"2026/6/29 11:26:08","419.193","419.193","0","40","16.129","32.258","15","0","141","16","16","16","1843","1843","1843","116","13854","0","0","9.884","1144.21","1396","51","0","958.627","148.26","147.706","33.96","116","59","0","0","4","0","0","0","4","4","47","0","0","1843","0","0","0","0","0","0.652","2.14","0","1.26","4.495","4.27","0","0.923","0","0","84","54","52","51","48","4096","0","4","0","0","0","0","4","0","0","0","4","1","1","500","51","47","4","4","4","4","15","4","0","0","0","0","52","0","51","0","104","0","0","0","1","102","51","51","1","500","51","32","4","4","19","4","4","15","1","500","52","48","4","4","4","4","15","0","0","0","0","0","0","0","52","0","51","0","0","0","0","0.004","0","0","0","0","0","0","0","0","0","0","0","0","0","0","0","0","0","0","0","0","0","0","0","0","0","0","0","0","0","0","0","0","0","0","0","0","0","0","0.004","0","0","0","0","0","0","0","0","0","0","0","0","0","0","0","0","0","0","0","0","0","0","0","0","0","0","0","0","0","0x0","0","0","0x0","0","0","0","0","0x0","0x0","0x0","0","0","0","0","0","0","0","0x0","0x0","0x0","0x0","0x0","0","0","0","-1","0","0","0","0","0","0","0","0","0","0","0","0","0","0","0","0","0","0","0","0","0","0","0","0","0","0","0","0","0","0","0","0","0","0","0","0","0","0","0","0","0","0","0","0","0","0","0","0","0","0","0","0","0","0","0","0","0","0","0","0","0","0","0","0","0","0","0","0","0","0","0","0","0","0","0","0","0","0","0","0","0","0","0","1843","5362","0","62.5","15","0","0","0","0","0","0","0","True","True","True","0","0.01","0","0","1920","1080","0","0","1920","1080","0","0","0","0","0","0","0","0","0","False","0","0","0","0","249372","100074","400","955171","2500","5504","2169","3360","EntityScanListRead","3360","0","0","40","1010","2080","3360","0","0","0","0","160","2309","0","0","160","833","0","0","439","2178","0","0","160","1730","0","0","0","0","0","0","0","0","0","0","0","0","0","0","2465","2275","1.7332","0.0079","1.7253","normal","False","False","True"
"2026/6/29 11:26:10","428.915","428.915","0","40","15.873","32.258","0","0","142","16","16","16","1864","1864","1864","116","14025","0","0","11.672","1144.21","1396","51","0","958.627","148.26","147.706","33.96","116","59","0","0","4","0","0","0","4","4","47","0","0","1864","0","0","0","0","0","0.415","3.25","0","1.306","5.242","4.261","0","1.019","0","0","91","54","52","51","48","4096","0","4","0","0","0","0","4","0","0","0","4","1","1","500","51","47","4","4","4","4","15","4","0","0","0","0","52","0","51","0","104","0","0","0","1","102","51","51","1","500","51","32","4","4","19","4","4","15","1","500","52","48","4","4","4","4","15","0","0","0","0","0","0","0","52","0","51","0","0","0","0","0.007","0","0","0.002","0","0.001","0","0","0","0","0","0","0","0","0","0","0","0","0","0","0","0","0","0","0","0","0","0","0","0","0","0","0","0","0","0","0","0","0","0.004","0","0","0","0","0","0","0","0","0","0","0","0","0","0","0","0","0","0","0","0","0","0","0","0","0","0","0","0","0","0x0","0","0","0x0","0","0","0","0","0x0","0x0","0x0","0","0","0","0","0","0","0","0x0","0x0","0x0","0x0","0x0","0","0","0","-1","0","0","0","0","0","0","0","0","0","0","0","0","0","0","0","0","0","0","0","0","0","0","0","0","0","0","0","0","0","0","0","0","0","0","0","0","0","0","0","0","0","0","0","0","0","0","0","0","0","0","0","0","0","0","0","0","0","0","0","0","0","0","0","0","0","0","0","0","0","0","0","0","0","0","0","0","0","0","0","0","0","0","0","1865","5443","0","66.666","672","0","0","0","0","0","0","0","True","True","True","0","0.01","0","0","1920","1080","0","0","1920","1080","0","0","0","0","0","0","0","0","0","False","0","0","0","0","252339","101267","398","955171","2500","4053","1627","15307","ViewMatrix","15307","0","0","30","1970","1560","3360","0","0","0","0","120","1415","0","0","120","1025","0","0","323","2178","0","0","116","1457","0","0","0","0","0","0","0","0","0","0","0","0","0","0","1784","15307","2.3067","0.016","2.2907","normal","False","False","True"
"2026/6/29 11:26:12","414.096","414.096","0","40","16.129","62.5","0","0","118","18","14","14","1891","1891","1891","120","14215","0","0","11.24","1144.21","1396","51","0","958.627","148.26","147.706","33.96","116","59","0","0","4","0","0","0","4","4","47","0","0","1891","0","0","0","0","0","0.448","2.345","0","1.431","5.494","5.195","0","1.065","0","0","87","54","52","51","48","4096","0","4","0","0","0","0","4","0","0","0","4","1","1","500","51","47","4","4","4","4","15","4","0","0","0","0","52","0","51","0","104","0","0","0","1","102","51","51","1","500","51","32","4","4","19","4","4","15","1","500","52","48","4","4","4","4","18","0","0","0","0","0","0","0","52","0","51","0","0","0","0","0.004","0","0","0","0","0","0","0","0","0","0","0","0","0","0","0","0","0","0","0","0","0","0","0","0","0","0","0","0","0","0","0","0","0","0","0","0","0","0","0.004","0","0","0","0","0","0","0","0","0","0","0","0","0","0","0","0","0","0","0","0","0","0","0","0","0","0","0","0","0","0x0","0","0","0x0","0","0","0","0","0x0","0x0","0x0","0","0","0","0","0","0","0","0x0","0x0","0x0","0x0","0x0","0","0","0","-1","0","0","0","0","0","0","0","0","0","0","0","0","0","0","0","0","0","0","0","0","0","0","0","0","0","0","0","0","0","0","0","0","0","0","0","0","0","0","0","0","0","0","0","0","0","0","0","0","0","0","0","0","0","0","0","0","0","0","0","0","0","0","0","0","0","0","0","0","0","0","0","0","0","0","0","0","0","0","0","0","0","0","0","1891","5524","0","62.5","0","0","0","0","0","0","0","0","True","True","True","0","0.01","0","0","1920","1080","0","0","1920","1080","0","0","0","0","0","0","0","0","0","False","0","0","0","0","255875","102681","404","955171","2500","3536","1414","953737","EntityScanTargetMap","953737","0","0","26","95061","1352","3176","0","0","0","0","104","31901","0","0","104","31933","0","0","294","953737","0","0","108","1230","0","0","0","0","0","0","0","0","0","0","0","0","0","0","1528","949660","2.0569","0.0162","2.0407","normal","False","False","True"
"2026/6/29 11:26:14","462.607","462.607","0","40","16.129","62.5","15","0","143","16","16","16","1923","1923","1923","120","14473","0","0","9.583","1144.21","1396","51","0","958.627","148.26","147.706","33.96","116","59","0","0","4","0","0","0","4","4","47","0","0","1923","0","0","0","0","0","0.642","2.154","0","2.777","2.348","2.004","0","1.229","0","0","82","54","52","51","48","4096","0","4","0","0","0","0","4","0","0","0","4","1","1","500","51","47","4","4","4","4","15","4","0","0","0","0","52","0","51","0","104","0","0","0","1","102","51","51","1","500","51","32","4","4","19","4","4","15","1","500","52","48","4","4","4","4","15","0","0","0","0","0","0","0","52","0","51","0","0","0","0","0.004","0","0","0","0","0","0","0","0","0","0","0","0","0","0","0","0","0","0","0","0","0","0","0","0","0","0","0","0","0","0","0","0","0","0","0","0","0","0","0.004","0","0","0","0","0","0","0","0","0","0","0","0","0","0","0","0","0","0","0","0","0","0","0","0","0","0","0","0","0","0x0","0","0","0x0","0","0","0","0","0x0","0x0","0x0","0","0","0","0","0","0","0","0x0","0x0","0x0","0x0","0x0","0","0","0","-1","0","0","0","0","0","0","0","0","0","0","0","0","0","0","0","0","0","0","0","0","0","0","0","0","0","0","0","0","0","0","0","0","0","0","0","0","0","0","0","0","0","0","0","0","0","0","0","0","0","0","0","0","0","0","0","0","0","0","0","0","0","0","0","0","0","0","0","0","0","0","0","0","0","0","0","0","0","0","0","0","0","0","0","1923","5604","0","66.666","0","0","0","0","0","0","0","0","True","True","True","0","0.01","0","0","1920","1080","0","0","1920","1080","0","0","0","0","0","0","0","0","0","False","0","0","0","0","260298","104416","401","955171","2500","5519","2168","2954","EntityScanListRead","2954","0","0","40","765","2080","2954","0","0","0","0","160","1876","0","0","160","1530","0","0","439","2256","0","0","160","1535","0","0","0","0","0","0","0","0","0","0","0","0","0","0","2480","2308","1.9024","0.0096","1.8928","normal","False","False","True"
"2026/6/29 11:26:16","469.752","469.752","0","40","7.092","62.5","0","0","142","16","16","16","1949","1949","1949","124","14648","0","0","116.664","1144.21","1396","51","0","958.627","148.26","147.706","33.96","116","59","0","0","4","0","0","0","4","4","47","0","0","1949","0","0","0","0","0","32.895","5.212","0","32.415","42.609","41.143","0","3.058","0","0","102","54","52","51","48","4096","0","4","0","0","0","0","4","0","0","0","4","1","1","500","51","47","4","4","4","4","35","4","0","0","0","0","52","0","51","0","104","0","0","0","1","102","51","51","1","500","51","8","4","4","43","4","4","39","1","500","52","48","4","4","4","4","39","0","0","0","0","0","0","0","52","0","51","0","0","0","0","0.005","0","0","0","0","0","0","0","0","0","0","0","0","0","0","0","0","0","0","0","0","0","0","0","0","0","0","0","0","0","0","0","0","0","0","0","0","0","0","0.005","0","0","0","0","0","0","0","0","0","0","0","0","0","0","0","0","0","0","0","0","0","0","0","0","0","0","0","0","0","0x0","0","0","0x0","0","0","0","0","0x0","0x0","0x0","0","0","0","0","0","0","0","0x0","0x0","0x0","0x0","0x0","0","0","0","-1","0","0","0","0","0","0","0","0","0","0","0","0","0","0","0","0","0","0","0","0","0","0","0","0","0","0","0","0","0","0","0","0","0","0","0","0","0","0","0","0","0","0","0","0","0","0","0","0","0","0","0","0","0","0","0","0","0","0","0","0","0","0","0","0","0","0","0","0","0","0","0","0","0","0","0","0","0","0","0","0","0","0","0","1949","5686","0","62.5","16","0","0","0","0","0","0","0","True","True","True","0","0.01","0","0","1920","1080","0","0","1920","1080","0","0","0","0","0","0","0","0","0","False","0","0","0","0","263709","105830","403","955171","2500","4490","1848","91871","ViewMatrix","91871","0","0","34","67270","1768","6155","0","0","0","0","136","91605","0","0","136","45832","0","0","375","51418","0","0","136","1555","0","0","0","0","0","0","0","0","0","0","0","0","0","0","1888","91871","1.916","0.0158","1.9002","normal","False","False","True"
