hero	hero_zh	hero_enum	weapon_id	action_id	action_order	primary_secondary	weapon_mode	mode_context	fire_pattern	hold_behavior	rate_of_fire	rate_value_per_sec	rate_unit	rate_scope	rate_interval_tooltip	interval_basis	shot_interval_ms	interval_min_ms	interval_max_ms	projectiles_per_shot	rounds_per_burst	burst_internal_interval_ms	burst_external_interval_ms	trigger_cycle_interval_ms	prefire_windup_ms	post_fire_recovery_ms	release_or_restart_recovery_ms	cross_mode_recovery_ms	charge_min_ms	charge_max_ms	special_constraints	existing_aim_class	existing_fire_policy	integration_status	source_kind	source_url	source_data_date	local_snapshot_date	local_patch_checked_through	source_rate_text	source_shots_per_volley	source_shots_tooltip	source_cast_time	source_duration	confidence	rate_interval_consistency	rate_interval_error_pct	evidence_note	weapon_spec_source_line
Ana	安娜	HERO_ANA	ana_biotic_rifle_hip	0	1	Primary	Biotic Rifle	腰射	single	not_explicitly_stated	1.25 shots/s	1.25	shots	shots_per_second	0.8 seconds recovery	wiki_tooltip	800	800	800	1				800		800						ProjectileSingle	ReleaseAfterDelay	existing_weapon_spec	live_wiki_card+existing_weaponspec	https://overwatch.fandom.com/wiki/Ana	2026-07-14	2026-05-26	2026-05-21	1.25 shots/s				0.59 seconds effect	high	match	0	Live Wiki card checked in Chrome on 2026-07-14; existing action/order retained.	135
Ana	安娜	HERO_ANA	ana_biotic_rifle_ads	2	2	Scoped/ADS	Zoom (ADS)	开镜/蓄力	scoped_single	hold_scope_then_press_primary	1.25 shots/s	1.25	shots	shots_per_second	0.8 seconds recovery	wiki_tooltip	800	800	800	1				800		800					Scoped shot cadence matches hip fire. Scope-in 0.24s and scope-out 0.16s are stance transitions, not per-shot windup/recovery.	HitscanSingle	TapOnHitWindow	existing_weapon_spec	live_wiki_card+existing_weaponspec	https://overwatch.fandom.com/wiki/Ana	2026-07-14	2026-05-26	2026-05-21	1.25 shots/s			0.24 seconds for scope in 0.16 seconds for scope out	0.59 seconds effect	high	match	0	Live Wiki card checked in Chrome on 2026-07-14; existing action/order retained.	136
Anran	安然	HERO_ANRAN	anran_zhuque_fans	0	1	Primary	Zhuque Fans	主火力	simultaneous_projectile_volley	not_explicitly_stated	1.5 volleys/s	1.5	volleys	volley_events_per_second	1 volley every 0.667 seconds	wiki_tooltip	667	667	667	2				667		667						ProjectileSingle		proposed_weapon_spec	live_wiki_card+local_mechanics_row+proposed_spec	https://overwatch.fandom.com/wiki/Anran	2026-07-14	2026-05-26	2026-05-21	1.5 volleys/s					high	match	0.05	Live Wiki card checked in Chrome on 2026-07-14; existing action/order retained.	
Anran	安然	HERO_ANRAN	anran_fan_the_flames	1	2	Secondary	Fan the Flames	副火力	simultaneous_projectile_volley	not_explicitly_stated	1.5 shots/s	1.5	shots	volley_events_per_second	1 shot every 0.667 seconds	wiki_tooltip	667	667	667	6				667		667						Beam		proposed_weapon_spec	live_wiki_card+local_mechanics_row+proposed_spec	https://overwatch.fandom.com/wiki/Anran	2026-07-14	2026-05-26	2026-05-21	1.5 shots/s	6				high	match	0.05	Live Wiki card checked in Chrome on 2026-07-14; existing action/order retained.	
Ashe	艾什	HERO_ASHE	ashe_the_viper_hip	0	1	Primary	The Viper	腰射	semi_automatic_single	one_cycle_per_press	3.9 shots/s	3.9	shots	shots_per_second	0.256 second recovery	wiki_tooltip	256	256	256	1				256		256		240			Wiki explicitly identifies this mode as semi-automatic. Switching into ADS after a shot takes at least 0.240s.	HitscanAuto	HoldWhileTracking	existing_weapon_spec	live_wiki_card+existing_weaponspec	https://overwatch.fandom.com/wiki/Ashe	2026-07-14	2026-05-26	2026-05-21	3.9 shots/s					high	match	0.16	Live Wiki card checked in Chrome on 2026-07-14; existing action/order retained.	144
Ashe	艾什	HERO_ASHE	ashe_take_aim_ads	2	2	Scoped/ADS	Take Aim (ADS)	开镜/蓄力	scoped_single	hold_scope_then_press_primary	1.52 shots/s	1.52	shots	shots_per_second	0.656 second recovery	wiki_tooltip	656	656	656	1				656		656					0.656s per scoped shot. Scope-in 0.192s and scope-out 0.160s are stance transitions; Wiki notes ~0.096s remains after recoil visually returns.	HitscanSingle	TapOnHitWindow	existing_weapon_spec	live_wiki_card+existing_weaponspec	https://overwatch.fandom.com/wiki/Ashe	2026-07-14	2026-05-26	2026-05-21	1.52 shots/s			0 + 0.19 seconds (scope in) 0 + 0.16 seconds (scope out)		high	match	0.29	Live Wiki card checked in Chrome on 2026-07-14; existing action/order retained.	145
Baptiste	巴蒂斯特	HERO_BAPTISTE	baptiste_biotic_launcher	0	1	Primary	Biotic Launcher	主火力	sequential_burst	hold_or_press_repeating_bursts_not_explicit	1.7 shots/s	1.7	shots	burst_cycles_per_second	1 burst per 0.588 seconds	wiki_tooltip	96	588	588	1	3	96.0	396	588		396		144				HitscanBurst	TapOnHitWindow	existing_weapon_spec	live_wiki_card+existing_weaponspec	https://overwatch.fandom.com/wiki/Baptiste	2026-07-14	2026-05-26	2026-05-21	1.7 shots/s	3	0.096 seconds between rounds			high	match	0.04	Live Wiki card checked in Chrome on 2026-07-14; existing action/order retained.	147
Baptiste	巴蒂斯特	HERO_BAPTISTE	baptiste_biotic_launcher_alt	1	2	Secondary	Biotic Launcher Alt Fire	副火力	single	not_explicitly_stated	1.11 shots/s	1.11	shots	shots_per_second	1 shot per 0.9 seconds	wiki_tooltip	900	900	900	1				900		900		144				ProjectileExplosive	ReleaseAfterDelay	existing_weapon_spec	live_wiki_card+existing_weaponspec	https://overwatch.fandom.com/wiki/Baptiste	2026-07-14	2026-05-26	2026-05-21	1.11 shots/s					high	match	0.1	Live Wiki card checked in Chrome on 2026-07-14; existing action/order retained.	148
Bastion	堡垒	HERO_BASTION	bastion_recon	0	1	Primary	Configuration: Recon	主火力	automatic	hold_repeats_runtime_default	6 shots/s	6.0	shots	rounds_per_second		derived_1000_over_rate	166.667	166.667	166.667	1				166.667								HitscanAuto	HoldWhileTracking	existing_weapon_spec	live_wiki_card+existing_weaponspec	https://overwatch.fandom.com/wiki/Bastion	2026-07-14	2026-05-26	2026-05-21	6 shots/s					high	match	0	Live Wiki card checked in Chrome on 2026-07-14; existing action/order retained.	105
Bastion	堡垒	HERO_BASTION	bastion_assault	0	2	Primary	Configuration: Assault	主火力	automatic	hold_repeats_runtime_default	30 shots/s	30.0	shots	rounds_per_second		derived_1000_over_rate	33.333	33.333	33.333	1				33.333								HitscanAuto	HoldWhileTracking	existing_weapon_spec	live_wiki_card+existing_weaponspec	https://overwatch.fandom.com/wiki/Bastion	2026-07-14	2026-05-26	2026-05-21	30 shots/s					high	match	0	Live Wiki card checked in Chrome on 2026-07-14; existing action/order retained.	106
Brigitte	布丽吉塔	HERO_BRIGITTE	brigitte_rocket_flail	0	1	Primary	Rocket Flail	主/默认武器	melee_swing	hold_repeats_swings	1 swing per 0.6 seconds			swings_per_second	0.208 seconds initial + 0.392 seconds recovery	wiki_tooltip	600	600	600	1				600	208	392						Melee	TapOnHitWindow	existing_weapon_spec	live_wiki_card+existing_weaponspec	https://overwatch.fandom.com/wiki/Brigitte	2026-07-14	2026-05-26	2026-05-21	1 swing per 0.6 seconds				0.240 seconds (hitbox active)	high	not_applicable		Live Wiki card checked in Chrome on 2026-07-14; existing action/order retained.	138
Cassidy	卡西迪	HERO_MCCREE	cassidy_peacekeeper	0	1	Primary	Peacekeeper	主火力	single	not_explicitly_stated	2 shots/s	2.0	shots	shots_per_second	1 shot every 0.5 seconds	wiki_tooltip	500	500	500	1				500		500						HitscanSingle	TapOnHitWindow	existing_weapon_spec	live_wiki_card+existing_weaponspec	https://overwatch.fandom.com/wiki/Cassidy	2026-07-14	2026-05-26	2026-05-21	2 shots/s					high	match	0	Live Wiki card checked in Chrome on 2026-07-14; existing action/order retained.	115
Cassidy	卡西迪	HERO_MCCREE	cassidy_fan_the_hammer	1	2	Secondary	Fan the Hammer	副火力	automatic	hold_repeats_runtime_default	8.33 shots/s	8.33	shots	rounds_per_second	1 shot every 0.12 seconds	wiki_tooltip	120	120	120	1				120								HitscanAuto	HoldWhileTracking	existing_weapon_spec	live_wiki_card+existing_weaponspec	https://overwatch.fandom.com/wiki/Cassidy	2026-07-14	2026-05-26	2026-05-21	8.33 shots/s					high	match	0.04	Live Wiki card checked in Chrome on 2026-07-14; existing action/order retained.	116
Cassidy	卡西迪	HERO_MCCREE	cassidy_ads_perk	1	3	Secondary/Runtime variant	Peacekeeper ADS Perk	运行时 Perk 变体	code_variant_single	runtime_variant_not_public_base_mode	Inherited from Peacekeeper: 2 shots/s	2.0	shots	shots_per_second_inherited	Peacekeeper base mode: 1 shot every 0.5 seconds	inherited_from_base_mode	500	500	500	1				500		500					Current WeaponSpec-only runtime variant. Cadence is inherited from Peacekeeper pending perk-specific live proof.	HitscanSingle	HoldWhileTracking	existing_code_variant	live_wiki_base_inherited+existing_code_variant	https://overwatch.fandom.com/wiki/Cassidy	2026-07-14	2026-05-26	2026-05-21	2 shots/s					low	match	0	Live Wiki card checked in Chrome on 2026-07-14; existing action/order retained.	117
Domina	多米娜		domina_photon_magnum	0	1	Primary	Photon Magnum	主/默认武器	continuous_beam_with_finisher	hold_continuous				shots_per_second		continuous_not_discrete				1				800	800						Beam culminates in a hitscan shot after 0.8s; pausing resets finisher progress. Wiki flags DPS as needing further testing.	Beam		blocked_missing_hero_id	live_wiki_card+local_mechanics_row+proposed_spec	https://overwatch.fandom.com/wiki/Domina	2026-07-14	2026-05-26	2026-05-21					0.8 seconds (hitscan shot charge)	medium	not_applicable		Live Wiki card checked in Chrome on 2026-07-14; existing action/order retained.	
Doomfist	末日铁拳	HERO_DOOMFIST	doomfist_hand_cannon	0	1	Primary	Hand Cannon	主/默认武器	simultaneous_projectile_volley	not_explicitly_stated	3 volleys/s 1.36 volleys/s (continuous fire of final shot)	3.0	volleys	volley_events_per_second	1 volley every 0.336 seconds | 1 volley every 0.736 seconds	wiki_tooltip	336	336	736	11				336		330	736				Four charges; normal adjacent volleys are 0.336s. Auto-reload begins after ~0.33s and the first reloaded shot is available after ~0.736s.	Shotgun	TapOnHitWindow	existing_weapon_spec	live_wiki_card+existing_weaponspec	https://overwatch.fandom.com/wiki/Doomfist	2026-07-14	2026-05-26	2026-05-21	3 volleys/s 1.36 volleys/s (continuous fire of final shot)	11				high	match	0.8	Live Wiki card checked in Chrome on 2026-07-14; existing action/order retained.	134
D.Va	D.Va	HERO_DVA	dva_fusion_cannons	0	1	Primary/Form	Fusion Cannons	形态：机甲	simultaneous_projectile_volley	hold_repeats	6.67 volleys/s	6.67	volleys	volley_events_per_second	1 volley per 0.15 seconds	wiki_tooltip	150	150	150	11				150								Shotgun	TapOnHitWindow	existing_weapon_spec	live_wiki_card+existing_weaponspec	https://overwatch.fandom.com/wiki/D.Va	2026-07-14	2026-05-26	2026-05-21	6.67 volleys/s	11				high	match	0.05	Live Wiki card checked in Chrome on 2026-07-14; existing action/order retained.	129
D.Va	D.Va	HERO_DVA	dva_light_gun	0	2	Primary/Form	Light Gun	形态：驾驶员	automatic	hold_repeats	7 shots/s	7.0	shots	rounds_per_second	1 round per 0.143 seconds	wiki_tooltip	143	143	143	1				143								ProjectileAuto	HoldWhileTracking	existing_weapon_spec	live_wiki_card+existing_weaponspec	https://overwatch.fandom.com/wiki/D.Va	2026-07-14	2026-05-26	2026-05-21	7 shots/s					high	match	0.1	Live Wiki card checked in Chrome on 2026-07-14; existing action/order retained.	130
Echo	回声	HERO_ECHO	echo_tri_shot	0	1	Primary	Tri-Shot	主/默认武器	simultaneous_projectile_volley	not_explicitly_stated	2.97 shots/s	2.97	shots	volley_events_per_second	0.336s recovery	wiki_tooltip	336	336	336	3				336		336						ProjectileSingle	ReleaseAfterDelay	existing_weapon_spec	live_wiki_card+existing_weaponspec	https://overwatch.fandom.com/wiki/Echo	2026-07-14	2026-05-26	2026-05-21	2.97 shots/s	3				high	match	0.21	Live Wiki card checked in Chrome on 2026-07-14; existing action/order retained.	146
Emre	埃姆雷	HERO_EMRE	emre_synthetic_burst_rifle	0	1	Primary	Synthetic Burst Rifle	腰射	sequential_burst	hold_or_press_repeating_bursts_not_explicit	2.08 volleys/s	2.08	volleys	burst_cycles_per_second	1 volley every 0.48 seconds	wiki_tooltip		480	480	1	3			480								HitscanBurst	TapOnHitWindow	existing_weapon_spec	live_wiki_card+existing_weaponspec	https://overwatch.fandom.com/wiki/Emre	2026-07-14	2026-05-26	2026-05-21	2.08 volleys/s	3				medium	match	0.16	Live Wiki card checked in Chrome on 2026-07-14; existing action/order retained. Burst-internal spacing is not published, so it remains blank.	161
Emre	埃姆雷	HERO_EMRE	emre_synthetic_burst_rifle_ads	2	2	Scoped/ADS	Synthetic Burst Rifle (ADS)	开镜/蓄力	sequential_burst	hold_or_press_repeating_bursts_not_explicit	2.08 volleys/s	2.08	volleys	burst_cycles_per_second	1 volley every 0.48 seconds	wiki_tooltip		480	480	1	3			480								HitscanBurst	TapOnHitWindow	existing_weapon_spec	live_wiki_card+existing_weaponspec	https://overwatch.fandom.com/wiki/Emre	2026-07-14	2026-05-26	2026-05-21	2.08 volleys/s	3		0.192 seconds (scope in)		medium	match	0.16	Live Wiki card checked in Chrome on 2026-07-14; existing action/order retained. Burst-internal spacing is not published, so it remains blank.	162
Freja	芙蕾雅	HERO_FREJA	freja_revdraw_crossbow	0	1	Primary	Revdraw Crossbow	腰射	automatic	hold_repeats	5.5 shots/s	5.5	shots	rounds_per_second	0.182s recovery	wiki_tooltip	182	182	182	1				182								ProjectileAuto	HoldWhileTracking	existing_weapon_spec	live_wiki_card+existing_weaponspec	https://overwatch.fandom.com/wiki/Freja	2026-07-14	2026-05-26	2026-05-21	5.5 shots/s					high	match	0.1	Live Wiki card checked in Chrome on 2026-07-14; existing action/order retained.	163
Freja	芙蕾雅	HERO_FREJA	freja_take_aim	2	2	Scoped/ADS	Take Aim	开镜/蓄力	scoped_single	hold_stance_fire_once				shots_per_second		not_published	688	688	688	1				688	192	496					Tooltip separates 0.192s startup and 0.496s recovery; releasing ADS without a shot has a 0.4s reactivation lock.	ProjectileExplosive	ChargeRelease	existing_weapon_spec	live_wiki_card+existing_weaponspec	https://overwatch.fandom.com/wiki/Freja	2026-07-14	2026-05-26	2026-05-21				0.192 seconds (scope in) 0 + 0.4 seconds (bolt fired) 0.112 seconds (scope out without shot)	1 second (slowdown)	medium	not_applicable		Live Wiki card checked in Chrome on 2026-07-14; existing action/order retained.	164
Genji	源氏	HERO_GENJI	genji_shuriken	0	1	Primary	Shuriken	主火力	sequential_burst	hold_or_press_repeating_bursts_not_explicit	1.14 shots/s	1.14	shots	burst_cycles_per_second	1 burst per 0.88 seconds	wiki_tooltip	96	880	880	1	3	96.0	688	880		688						ProjectileSingle	ReleaseAfterDelay	existing_weapon_spec	live_wiki_card+existing_weaponspec	https://overwatch.fandom.com/wiki/Genji	2026-07-14	2026-05-26	2026-05-21	1.14 shots/s	3	0.096 seconds between rounds			high	match	0.32	Live Wiki card checked in Chrome on 2026-07-14; existing action/order retained.	111
Genji	源氏	HERO_GENJI	genji_shuriken_alt	1	2	Secondary	Shuriken Alt Fire	副火力	simultaneous_projectile_volley	not_explicitly_stated	1.47 shots/s	1.47	shots	volley_events_per_second	1 burst per 0.68 seconds	wiki_tooltip	680	680	680	3				680		680						ProjectileSingle	ReleaseAfterDelay	existing_weapon_spec	live_wiki_card+existing_weaponspec	https://overwatch.fandom.com/wiki/Genji	2026-07-14	2026-05-26	2026-05-21	1.47 shots/s	3				high	match	0.04	Live Wiki card checked in Chrome on 2026-07-14; existing action/order retained.	112
Hanzo	半藏	HERO_HANJO	hanzo_storm_bow	0	1	Primary	Storm Bow	主/默认武器	charge_release	hold_to_charge_release	0.82 shots/s (max charge) 2 shots/s (min charge)	0.82	shots	charge_cycle_variants	0.72s charge + 0.5 seconds recovery | 0s charge + 0.5 seconds recovery	wiki_tooltip	1220	500	1220	1				1220	720	500			0	720	Draw can be held indefinitely; release fires; Reload/Secondary cancels draw; recommended interval is the full-charge cycle.	ProjectileSingle	ChargeRelease	existing_weapon_spec	live_wiki_card+existing_weaponspec	https://overwatch.fandom.com/wiki/Hanzo	2026-07-14	2026-05-26	2026-05-21	0.82 shots/s (max charge) 2 shots/s (min charge)					high	match	0.04	Live Wiki card checked in Chrome on 2026-07-14; existing action/order retained.	95
Hazard	哈扎德	HERO_HAZARD	hazard_bonespur	0	1	Primary	Bonespur	主/默认武器	simultaneous_projectile_volley	not_explicitly_stated	1.75 volleys/s	1.75	volleys	volley_events_per_second	0.57 seconds recovery	wiki_tooltip	570	570	570	10				570		570						Shotgun	TapOnHitWindow	existing_weapon_spec	live_wiki_card+existing_weaponspec	https://overwatch.fandom.com/wiki/Hazard	2026-07-14	2026-05-26	2026-05-21	1.75 volleys/s	10				high	match	0.25	Live Wiki card checked in Chrome on 2026-07-14; existing action/order retained.	166
Illari	伊拉锐	HERO_ILLARI	illari_solar_rifle	0	1	Primary	Solar Rifle	主火力	auto_charge_single	hold_repeats_min_charge_or_tap_for_full_charge	1.11 shot/s (max charge) 2.00 shots/s (min charge)	1.11	shot	charge_cycle_variants	0.9s per shot (0.25s recovery + 0.65s charge) | 0.5s per shot (0.25s recovery + 0.25s charge)	wiki_tooltip	900	500	900	1				900		250			250	650	Full-charge cycle 0.25s recovery + 0.65s charge; minimum-charge cycle 0.25s + 0.25s.	HitscanSingle	TapOnHitWindow	existing_weapon_spec	live_wiki_card+existing_weaponspec	https://overwatch.fandom.com/wiki/Illari	2026-07-14	2026-05-26	2026-05-21	1.11 shot/s (max charge) 2.00 shots/s (min charge)				0.65 seconds (charge time) 0.25 seconds (recovery)	high	match	0.1	Live Wiki card checked in Chrome on 2026-07-14; existing action/order retained.	159
Illari	伊拉锐	HERO_ILLARI	illari_solar_rifle_alt	1	2	Secondary	Solar Rifle Alt Fire	副火力	continuous_beam	hold_continuous				continuous_not_discrete		continuous_not_discrete				1												Beam	HoldWhileTracking	existing_weapon_spec	live_wiki_card+existing_weaponspec	https://overwatch.fandom.com/wiki/Illari	2026-07-14	2026-05-26	2026-05-21					0.6 seconds (energy regen delay)	high	not_applicable		Live Wiki card checked in Chrome on 2026-07-14; existing action/order retained.	160
Jetpack Cat	喷气背包猫	HERO_JETPACKCAT	jetpackcat_biotic_pawjectiles	0	1	Primary	Biotic Pawjectiles	主火力	simultaneous_projectile_volley	not_explicitly_stated	4.48 volleys/s	4.48	volleys	volley_events_per_second	1 volley every 0.224 seconds	wiki_tooltip	224	224	224	5				224		224						Shotgun	TapOnHitWindow	existing_weapon_spec	live_wiki_card+existing_weaponspec	https://overwatch.fandom.com/wiki/Jetpack_Cat	2026-07-14	2026-05-26	2026-05-21	4.48 volleys/s	1 center pellet 4 paw pellets				high	match	0.35	Live Wiki card checked in Chrome on 2026-07-14; existing action/order retained.	170
Junker Queen	渣客女王	HERO_JUNKERQUEEN	junkerqueen_scattergun	0	1	Primary	Scattergun	主/默认武器	simultaneous_projectile_volley	not_explicitly_stated	1.33 volleys/s	1.33	volleys	volley_events_per_second	1 volley every 0.75 seconds	wiki_tooltip	750	750	750	10				750		750						Shotgun	TapOnHitWindow	existing_weapon_spec	live_wiki_card+existing_weaponspec	https://overwatch.fandom.com/wiki/Junker_Queen	2026-07-14	2026-05-26	2026-05-21	1.33 volleys/s	10				high	match	0.25	Live Wiki card checked in Chrome on 2026-07-14; existing action/order retained.	151
Junkrat	狂鼠	HERO_JUNKRAT	junkrat_frag_launcher	0	1	Primary	Frag Launcher	主/默认武器	single	not_explicitly_stated	1.5 shots/s recovery stops while using melee	1.5	shots	shots_per_second		derived_1000_over_rate	666.667	666.667	666.667	1				666.667		666.667						ProjectileExplosive	ReleaseAfterDelay	existing_weapon_spec	live_wiki_card+existing_weaponspec	https://overwatch.fandom.com/wiki/Junkrat	2026-07-14	2026-05-26	2026-05-21	1.5 shots/s recovery stops while using melee					high	match	0	Live Wiki card checked in Chrome on 2026-07-14; existing action/order retained.	124
Juno	朱诺	HERO_JUNO	juno_mediblaster	0	1	Primary	Mediblaster	主/默认武器	sequential_burst	hold_or_press_repeating_bursts_not_explicit	1.29 shots/s	1.29	shots	burst_cycles_per_second	1 burst every 0.774 s	wiki_tooltip	29	774	774	1	12	29.0	455	774		455						HitscanBurst	TapOnHitWindow	existing_weapon_spec	live_wiki_card+existing_weaponspec	https://overwatch.fandom.com/wiki/Juno	2026-07-14	2026-05-26	2026-05-21	1.29 shots/s	12	0.029 seconds between rounds			high	match	0.15	Live Wiki card checked in Chrome on 2026-07-14; existing action/order retained.	167
Kiriko	雾子	HERO_KIRIKO	kiriko_healing_ofuda	0	1	Primary	Healing Ofuda	主火力	toggled_simultaneous_volley_stream	toggle_or_hold_channels_full_clip	6.67 shots/s (while firing) 0.67 volleys/s (reload included)	6.67	shots	volley_events_per_second	0.15s recovery | 1.5s cycle: 0.6s for full clip + 0.9s reload	wiki_tooltip	150	150	1500	2				150		150					Two Ofuda per volley; five volleys use the 10-Ofuda clip over ~0.6s, followed by a 0.9s automatic reload (1.5s full sequence).	Targeted	ManualOnly	existing_weapon_spec	live_wiki_card+existing_weaponspec	https://overwatch.fandom.com/wiki/Kiriko	2026-07-14	2026-05-26	2026-05-21	6.67 shots/s (while firing) 0.67 volleys/s (reload included)	2				high	match	0.05	Live Wiki card checked in Chrome on 2026-07-14; existing action/order retained.	149
Kiriko	雾子	HERO_KIRIKO	kiriko_kunai	1	2	Secondary	Kunai	副火力	single	not_explicitly_stated	2 shots/s	2.0	shots	shots_per_second	1 shot every 0.5 seconds	wiki_tooltip	500	500	500	1				500		500						ProjectileSingle	ReleaseAfterDelay	existing_weapon_spec	live_wiki_card+existing_weaponspec	https://overwatch.fandom.com/wiki/Kiriko	2026-07-14	2026-05-26	2026-05-21	2 shots/s					high	match	0	Live Wiki card checked in Chrome on 2026-07-14; existing action/order retained.	150
Lifeweaver	生命之梭	HERO_LIFEWEAVER	lifeweaver_healing_blossom	0	1	Primary	Healing Blossom	主火力	charge_release	hold_to_charge_release	0.67 shots/s (max charge) 3.33 shots/s (min charge)	0.67	shots	charge_cycle_variants	1.2 second charge + 0.3 second recovery	wiki_tooltip	1500	300	1500	1				1500		300			0	1200	Active full charge 1.2s; passive charge takes 5.4s; charge can be preserved by selected interrupts.	Targeted	ManualOnly	existing_weapon_spec	live_wiki_card+existing_weaponspec	https://overwatch.fandom.com/wiki/Lifeweaver	2026-07-14	2026-05-26	2026-05-21	0.67 shots/s (max charge) 3.33 shots/s (min charge)					high	match	0.5	Live Wiki card checked in Chrome on 2026-07-14; existing action/order retained.	155
Lifeweaver	生命之梭	HERO_LIFEWEAVER	lifeweaver_thorn_volley	1	2	Secondary	Thorn Volley	副火力	simultaneous_projectile_volley	hold_repeats	11 volleys/s	11.0	volleys	volley_events_per_second	1 volley per 0.091 seconds	wiki_tooltip	91	91	91	2				91								ProjectileAuto	HoldWhileTracking	existing_weapon_spec	live_wiki_card+existing_weaponspec	https://overwatch.fandom.com/wiki/Lifeweaver	2026-07-14	2026-05-26	2026-05-21	11 volleys/s	2				high	match	0.1	Live Wiki card checked in Chrome on 2026-07-14; existing action/order retained.	156
Lúcio	卢西奥	HERO_LUCIO	lucio_sonic_amplifier	0	1	Primary	Sonic Amplifier	主/默认武器	sequential_burst	hold_or_press_repeating_bursts_not_explicit	1.07 volleys/s	1.07	volleys	burst_cycles_per_second	1 volley per 0.935 seconds	wiki_tooltip	125	935	935	1	4	125.0	560	935		560						ProjectileSingle	ReleaseAfterDelay	existing_weapon_spec	live_wiki_card+existing_weaponspec	https://overwatch.fandom.com/wiki/L%C3%BAcio	2026-07-14	2026-05-26	2026-05-21	1.07 volleys/s	4	0.125 seconds between rounds			high	match	0.05	Live Wiki card checked in Chrome on 2026-07-14; existing action/order retained.	128
Mauga	毛加	HERO_MAUGA	mauga_incendiary_chaingun	0	1	Primary	Incendiary Chaingun	主火力	automatic	hold_repeats	17.36 shots/s	17.36	shots	rounds_per_second	1 shot every 0.0576 seconds	wiki_tooltip	57.6	57.6	57.6	1				57.6								HitscanAuto	HoldWhileTracking	existing_weapon_spec	live_wiki_card+existing_weaponspec	https://overwatch.fandom.com/wiki/Mauga	2026-07-14	2026-05-26	2026-05-21	17.36 shots/s				4 seconds (damage over time)	high	match	0.01	Live Wiki card checked in Chrome on 2026-07-14; existing action/order retained.	157
Mauga	毛加	HERO_MAUGA	mauga_volatile_chaingun	1	2	Secondary	Volatile Chaingun	副火力	automatic	hold_repeats	17.36 shots/s	17.36	shots	rounds_per_second	1 shot every 0.0576 seconds	wiki_tooltip	57.6	57.6	57.6	1				57.6								HitscanAuto	HoldWhileTracking	existing_weapon_spec	live_wiki_card+existing_weaponspec	https://overwatch.fandom.com/wiki/Mauga	2026-07-14	2026-05-26	2026-05-21	17.36 shots/s					high	match	0.01	Live Wiki card checked in Chrome on 2026-07-14; existing action/order retained.	158
Mei	美	HERO_MEI	mei_endothermic_blaster	0	1	Primary	Endothermic Blaster	主火力	continuous_beam	hold_continuous	20 shots/s	20.0	shots	damage_tick_events_per_second	1 shot every 0.05 seconds	wiki_tooltip	50	50	50	1				50								Beam	HoldWhileTracking	existing_weapon_spec	live_wiki_card+existing_weaponspec	https://overwatch.fandom.com/wiki/Mei	2026-07-14	2026-05-26	2026-05-21	20 shots/s				1.3 seconds (slow)	high	match	0	Live Wiki card checked in Chrome on 2026-07-14; existing action/order retained.	131
Mei	美	HERO_MEI	mei_icicle	1	2	Secondary	Icicle	副火力	windup_single	not_explicitly_stated	1 shot per 0.8 seconds			shots_per_second		wiki_rate_text	800	800	800	1				800	400	400					Published cycle is 0.4s windup plus 0.4s recovery.	ProjectileSingle	ReleaseAfterDelay	existing_weapon_spec	live_wiki_card+existing_weaponspec	https://overwatch.fandom.com/wiki/Mei	2026-07-14	2026-05-26	2026-05-21	1 shot per 0.8 seconds			0.4 seconds + 0.4 s. recovery for shoot		high	not_applicable		Live Wiki card checked in Chrome on 2026-07-14; existing action/order retained.	132
Mercy	天使	HERO_MERCY	mercy_caduceus_staff_heal	0	1	Primary	Caduceus Staff	主火力	continuous_beam	hold_continuous				continuous_not_discrete		continuous_not_discrete				1												Targeted	ManualOnly	existing_weapon_spec	live_wiki_card+existing_weaponspec	https://overwatch.fandom.com/wiki/Mercy	2026-07-14	2026-05-26	2026-05-21						high	not_applicable		Live Wiki card checked in Chrome on 2026-07-14; existing action/order retained.	92
Mercy	天使	HERO_MERCY	mercy_caduceus_staff_damage	1	2	Secondary	Caduceus Staff (Damage Boost)	副火力	continuous_beam	hold_continuous				continuous_not_discrete		continuous_not_discrete				1												Targeted	ManualOnly	existing_weapon_spec	live_wiki_card+existing_weaponspec	https://overwatch.fandom.com/wiki/Mercy	2026-07-14	2026-05-26	2026-05-21						high	not_applicable		Live Wiki card checked in Chrome on 2026-07-14; existing action/order retained.	93
Mercy	天使	HERO_MERCY	mercy_caduceus_blaster	0	3	Primary/Weapon swap	Caduceus Blaster	自动武器	automatic	hold_repeats	5 shots/s	5.0	shots	rounds_per_second		derived_1000_over_rate	200	200	200	1				200				510				ProjectileAuto	HoldWhileTracking	existing_weapon_spec	live_wiki_card+existing_weaponspec	https://overwatch.fandom.com/wiki/Mercy	2026-07-14	2026-05-26	2026-05-21	5 shots/s					high	match	0	Live Wiki card checked in Chrome on 2026-07-14; existing action/order retained.	94
Mizuki	美月	HERO_MIZUKI	mizuki_spirit_glaive	0	1	Primary	Spirit Glaive	主火力	windup_single	not_explicitly_stated	1.43 shots/s	1.43	shots	shots_per_second	0.7 second recovery	wiki_tooltip	700	700	700	1				700	25	700					0.025s cast startup is reported separately from the 0.7s recovery; damage-over-time lasts 0.5s.	ProjectileAuto		proposed_weapon_spec	live_wiki_card+local_mechanics_row+proposed_spec	https://overwatch.fandom.com/wiki/Mizuki	2026-07-14	2026-05-26	2026-05-21	1.43 shots/s			0.025 seconds	0.5 seconds (damage over time)	high	match	0.1	Live Wiki card checked in Chrome on 2026-07-14; existing action/order retained.	
Moira	莫伊拉	HERO_MOIRA	moira_biotic_grasp_heal	0	1	Primary	Biotic Grasp	主火力	continuous_beam	hold_continuous				continuous_not_discrete		continuous_not_discrete				1					80	0					0.08s spray startup; requires at least 8 biotic energy. The 3s heal-over-time is an effect duration, not shot cadence.	Beam	HoldWhileTracking	existing_weapon_spec	live_wiki_card+existing_weaponspec	https://overwatch.fandom.com/wiki/Moira	2026-07-14	2026-05-26	2026-05-21				0.08 + 0 seconds	3 seconds (HoT) 0.45 seconds (energy regen delay)	high	not_applicable		Live Wiki card checked in Chrome on 2026-07-14; existing action/order retained.	139
Moira	莫伊拉	HERO_MOIRA	moira_biotic_grasp_damage	1	2	Secondary	Biotic Grasp Alt Fire	副火力	continuous_beam	hold_continuous				continuous_not_discrete		continuous_not_discrete				1												Beam	HoldWhileTracking	existing_weapon_spec	live_wiki_card+existing_weaponspec	https://overwatch.fandom.com/wiki/Moira	2026-07-14	2026-05-26	2026-05-21						high	not_applicable		Live Wiki card checked in Chrome on 2026-07-14; existing action/order retained.	140
Orisa	奥丽莎	HERO_ORISA	orisa_augmented_fusion_driver	0	1	Primary	Augmented Fusion Driver	主/默认武器	automatic	hold_repeats	10 rounds/s	10.0	rounds	rounds_per_second	1 round every 0.1 seconds	wiki_tooltip	100	100	100	1				100								ProjectileAuto	HoldWhileTracking	existing_weapon_spec	live_wiki_card+existing_weaponspec	https://overwatch.fandom.com/wiki/Orisa	2026-07-14	2026-05-26	2026-05-21	10 rounds/s					high	match	0	Live Wiki card checked in Chrome on 2026-07-14; existing action/order retained.	137
Pharah	法老之鹰	HERO_PHARAH	pharah_rocket_launcher	0	1	Primary	Rocket Launcher	主/默认武器	single	not_explicitly_stated	1.25 shots/second	1.25	shots	shots_per_second	0.8 second recovery	wiki_tooltip	800	800	800	1				800		800						ProjectileExplosive	ReleaseAfterDelay	existing_weapon_spec	live_wiki_card+existing_weaponspec	https://overwatch.fandom.com/wiki/Pharah	2026-07-14	2026-05-26	2026-05-21	1.25 shots/second					high	match	0	Live Wiki card checked in Chrome on 2026-07-14; existing action/order retained.	100
Ramattra	拉玛刹	HERO_RAMATTRA	ramattra_void_accelerator	0	1	Primary	Void Accelerator	主火力	automatic	hold_repeats	25 shots/s	25.0	shots	rounds_per_second	0.04 seconds per shot	wiki_tooltip	40	40	40	1				40								ProjectileAuto	HoldWhileTracking	existing_weapon_spec	live_wiki_card+existing_weaponspec	https://overwatch.fandom.com/wiki/Ramattra	2026-07-14	2026-05-26	2026-05-21	25 shots/s					high	match	0	Live Wiki card checked in Chrome on 2026-07-14; existing action/order retained.	153
Ramattra	拉玛刹	HERO_RAMATTRA	ramattra_pummel	0	2	Primary	Pummel	主火力	melee_swing	not_explicitly_stated	1.67 shots/s	1.67	shots	swings_per_second	1 attack every 0.6 seconds	wiki_tooltip	600	600	600	1				600		600						Melee	TapOnHitWindow	existing_weapon_spec	live_wiki_card+existing_weaponspec	https://overwatch.fandom.com/wiki/Ramattra	2026-07-14	2026-05-26	2026-05-21	1.67 shots/s					high	match	0.2	Live Wiki card checked in Chrome on 2026-07-14; existing action/order retained.	154
Reaper	死神	HERO_REAPER	reaper_hellfire_shotguns	0	1	Primary	Hellfire Shotguns	主/默认武器	simultaneous_projectile_volley	not_explicitly_stated	2 shots/s	2.0	shots	volley_events_per_second	0.5 seconds recovery	wiki_tooltip	500	500	500	20				500		500						Shotgun	TapOnHitWindow	existing_weapon_spec	live_wiki_card+existing_weaponspec	https://overwatch.fandom.com/wiki/Reaper	2026-07-14	2026-05-26	2026-05-21	2 shots/s	20				high	match	0	Live Wiki card checked in Chrome on 2026-07-14; existing action/order retained.	90
Reinhardt	莱因哈特	HERO_REINHARDT	reinhardt_rocket_hammer	0	1	Primary	Rocket Hammer	主/默认武器	melee_swing	hold_repeats_swings	1.04 shots/s	1.04	shots	swings_per_second	1 swing per 0.96 seconds	wiki_tooltip	960	960	960	1				960	416	544						Melee	TapOnHitWindow	existing_weapon_spec	live_wiki_card+existing_weaponspec	https://overwatch.fandom.com/wiki/Reinhardt	2026-07-14	2026-05-26	2026-05-21	1.04 shots/s			0.4 + 0.5 seconds	0.208 seconds (hitbox active)	high	match	0.16	Live Wiki card checked in Chrome on 2026-07-14; existing action/order retained.	99
Roadhog	路霸	HERO_ROADHOG	roadhog_scrap_gun	0	1	Primary	Scrap Gun	主火力	simultaneous_projectile_volley	not_explicitly_stated	1.25 shots/s	1.25	shots	volley_events_per_second	0.8 seconds recovery	wiki_tooltip	800	800	800	25				800		800						Shotgun	TapOnHitWindow	existing_weapon_spec	live_wiki_card+existing_weaponspec	https://overwatch.fandom.com/wiki/Roadhog	2026-07-14	2026-05-26	2026-05-21	1.25 shots/s	25				high	match	0	Live Wiki card checked in Chrome on 2026-07-14; existing action/order retained.	113
Roadhog	路霸	HERO_ROADHOG	roadhog_scrap_gun_alt	1	2	Secondary	Scrap Gun Alt Fire	副火力	simultaneous_projectile_volley	not_explicitly_stated	1.25 shots/s	1.25	shots	volley_events_per_second	0.8 seconds recovery	wiki_tooltip	800	800	800	25				800		800						Shotgun	TapOnHitWindow	existing_weapon_spec	live_wiki_card+existing_weaponspec	https://overwatch.fandom.com/wiki/Roadhog	2026-07-14	2026-05-26	2026-05-21	1.25 shots/s	1 (pre-detonation) 25 (post-detonation)				high	match	0	Live Wiki card checked in Chrome on 2026-07-14; existing action/order retained.	114
Shion		HERO_SHION	shion_kira_pistols	0	1	Primary	Kira Pistols	主/默认武器	automatic	hold_repeats	4 shots/s	4.0	shots	rounds_per_second	1 shot every 0.25 seconds	wiki_tooltip	250	250	250	1				250								HitscanAuto		proposed_weapon_spec	live_wiki_card+local_mechanics_row+proposed_spec	https://overwatch.fandom.com/wiki/Shion	2026-07-14	2026-05-26	2026-05-21	4 shots/s					high	match	0	Live Wiki card checked in Chrome on 2026-07-14; existing action/order retained.	
Sierra	塞拉	HERO_SIERRA	sierra_helix_rifle	0	1	Primary	Helix Rifle	腰射	simultaneous_projectile_volley	hold_repeats	10.89 shots/s	10.89	shots	volley_events_per_second	1 shot every 0.09184 seconds	wiki_tooltip	91.84	91.84	91.84	2				91.84								ProjectileAuto	HoldWhileTracking	existing_weapon_spec	live_wiki_card+existing_weaponspec	https://overwatch.fandom.com/wiki/Sierra	2026-07-14	2026-05-26	2026-05-21	10.89 shots/s	2 per volley			0.75 seconds (time to reach min spread)	high	match	0.01	Live Wiki card checked in Chrome on 2026-07-14; existing action/order retained.	168
Sigma	西格玛	HERO_SIGMA	sigma_hyperspheres	0	1	Primary	Hyperspheres	主/默认武器	sequential_burst	hold_or_press_repeating_bursts_not_explicit	0.67 shots/s	0.67	shots	burst_cycles_per_second	1.5 seconds per burst	wiki_tooltip	192	1500	1500	1	2	192.0	1308	1500		1308						ProjectileExplosive	ReleaseAfterDelay	existing_weapon_spec	live_wiki_card+existing_weaponspec	https://overwatch.fandom.com/wiki/Sigma	2026-07-14	2026-05-26	2026-05-21	0.67 shots/s	2	0.192 seconds between rounds			high	match	0.5	Live Wiki card checked in Chrome on 2026-07-14; existing action/order retained.	152
Sojourn	索杰恩	HERO_SOJOURN	sojourn_railgun	0	1	Primary	Railgun	主火力	automatic	hold_repeats_runtime_default	16 shots/s	16.0	shots	rounds_per_second		derived_1000_over_rate	62.5	62.5	62.5	1				62.5								ProjectileAuto	HoldWhileTracking	existing_weapon_spec	live_wiki_card+existing_weaponspec	https://overwatch.fandom.com/wiki/Sojourn	2026-07-14	2026-05-26	2026-05-21	16 shots/s				9 seconds (energy decay delay)	high	match	0	Live Wiki card checked in Chrome on 2026-07-14; existing action/order retained.	142
Sojourn	索杰恩	HERO_SOJOURN	sojourn_charged_shot	1	2	Secondary	Charged Shot	副火力	resource_gated_single	press_to_fire_stored_energy				shots_per_second		not_published	640	640		1				640	0	640					0.64s mechanical recovery; actual availability is additionally gated by 1-100 stored Railgun energy.	HitscanSingle	ChargeRelease	existing_weapon_spec	live_wiki_card+existing_weaponspec	https://overwatch.fandom.com/wiki/Sojourn	2026-07-14	2026-05-26	2026-05-21				0 + 0.64 seconds		medium	not_applicable		Live Wiki card checked in Chrome on 2026-07-14; existing action/order retained.	143
Soldier: 76	士兵：76	HERO_SOLDIER76	soldier76_heavy_pulse_rifle	0	1	Primary	Heavy Pulse Rifle	主/默认武器	automatic	hold_repeats	9 rounds per second	9.0	rounds	rounds_per_second	1 round per 0.096 seconds	wiki_tooltip	96	96	96	1				96								HitscanAuto	HoldWhileTracking	existing_weapon_spec	live_wiki_card+existing_weaponspec	https://overwatch.fandom.com/wiki/Soldier:_76	2026-07-14	2026-05-26	2026-05-21	9 rounds per second					medium	source_conflict_or_multi_phase	13.6	Live Wiki card checked in Chrome on 2026-07-14; existing action/order retained.	127
Sombra	黑影	HERO_SOMBRA	sombra_machine_pistol	0	1	Primary	Machine Pistol	自动武器	automatic	hold_repeats	20 shots/s	20.0	shots	rounds_per_second	1 round per 0.048 seconds	wiki_tooltip	48	48	48	1				48								HitscanAuto	HoldWhileTracking	existing_weapon_spec	live_wiki_card+existing_weaponspec	https://overwatch.fandom.com/wiki/Sombra	2026-07-14	2026-05-26	2026-05-21	20 shots/s					high	match	4	Live Wiki card checked in Chrome on 2026-07-14; existing action/order retained.	133
Symmetra	秩序之光	HERO_SYMMETRA	symmetra_photon_projector	0	1	Primary	Photon Projector	主火力	continuous_beam	hold_continuous				continuous_not_discrete		continuous_not_discrete				1												Beam	HoldWhileTracking	existing_weapon_spec	live_wiki_card+existing_weaponspec	https://overwatch.fandom.com/wiki/Symmetra	2026-07-14	2026-05-26	2026-05-21					2 seconds (decay delay) 1.7 seconds (decay per level)	high	not_applicable		Live Wiki card checked in Chrome on 2026-07-14; existing action/order retained.	107
Symmetra	秩序之光	HERO_SYMMETRA	symmetra_photon_projector_alt	1	2	Secondary	Photon Projector Alt Fire	副火力	charge_release	hold_to_charge_release	3.9 shots/s (min charge) 0.8 shots/s (max charge)	3.9	shots	charge_cycle_variants	0.256s recovery | 1s charge + 0.25s recovery	wiki_tooltip	1250	256	1250	1				1250		250			0	1000	Min-charge recovery 0.256s; max charge is 1.0s plus ~0.25s recovery.	ProjectileExplosive	ChargeRelease	existing_weapon_spec	live_wiki_card+existing_weaponspec	https://overwatch.fandom.com/wiki/Symmetra	2026-07-14	2026-05-26	2026-05-21	3.9 shots/s (min charge) 0.8 shots/s (max charge)				1 second (to max charge)	medium	source_conflict_or_multi_phase	387.5	Live Wiki card checked in Chrome on 2026-07-14; existing action/order retained.	108
Torbjörn	托比昂	HERO_TORBJORN	torbjorn_rivet_gun	0	1	Primary	Rivet Gun	主火力	single	not_explicitly_stated	1.96 shots/s	1.96	shots	shots_per_second	1 shot every 0.51 seconds	wiki_tooltip	510	510	510	1				510		510						ProjectileSingle	ReleaseAfterDelay	existing_weapon_spec	live_wiki_card+existing_weaponspec	https://overwatch.fandom.com/wiki/Torbj%C3%B6rn	2026-07-14	2026-05-26	2026-05-21	1.96 shots/s					high	match	0.04	Live Wiki card checked in Chrome on 2026-07-14; existing action/order retained.	96
Torbjörn	托比昂	HERO_TORBJORN	torbjorn_rivet_gun_alt	1	2	Secondary	Rivet Gun Alt Fire	副火力	simultaneous_projectile_volley	not_explicitly_stated	1.43 shots/s	1.43	shots	volley_events_per_second	1 blast every 0.7 seconds	wiki_tooltip	700	700	700	10				700		700						Shotgun	TapOnHitWindow	existing_weapon_spec	live_wiki_card+existing_weaponspec	https://overwatch.fandom.com/wiki/Torbj%C3%B6rn	2026-07-14	2026-05-26	2026-05-21	1.43 shots/s	10				high	match	0.1	Live Wiki card checked in Chrome on 2026-07-14; existing action/order retained.	97
Torbjörn	托比昂	HERO_TORBJORN	torbjorn_forge_hammer	0	3	Primary	Forge Hammer	主/默认武器	melee_swing	hold_repeats_swings	1 swing per ~0.7 seconds			swings_per_second	0.352 seconds initial + ~0.1 seconds animation + 0.6 seconds recovery	wiki_tooltip	700	700	700	1				700	352	600					Wiki publishes ~0.7s per swing but its tooltip lists 0.352s initial + ~0.1s animation + 0.6s recovery; phases overlap, so decomposition is medium confidence.	Melee	TapOnHitWindow	existing_weapon_spec	live_wiki_card+existing_weaponspec	https://overwatch.fandom.com/wiki/Torbj%C3%B6rn	2026-07-14	2026-05-26	2026-05-21	1 swing per ~0.7 seconds				0.192 seconds (hitbox active)	medium	not_applicable		Live Wiki card checked in Chrome on 2026-07-14; existing action/order retained.	98
Tracer	猎空	HERO_TRACER	tracer_pulse_pistols	0	1	Primary	Pulse Pistols	自动武器	simultaneous_projectile_volley	hold_repeats	20 shots/s	20.0	shots	volley_events_per_second	1 burst per 0.05 seconds	wiki_tooltip	50	50	50	2				50			220					HitscanAuto	HoldWhileTracking	existing_weapon_spec	live_wiki_card+existing_weaponspec	https://overwatch.fandom.com/wiki/Tracer	2026-07-14	2026-05-26	2026-05-21	20 shots/s	2				high	match	0	Live Wiki card checked in Chrome on 2026-07-14; existing action/order retained.	91
Vendetta	文德塔	HERO_VENDETTA	vendetta_palatine_fang	0	1	Primary	Palatine Fang	主火力	melee_combo	hold_or_press_combo	1.18 swings/s (average at 0 stacks)	1.18	swings	swings_per_second		derived_1000_over_rate	847.458			1				847.458		847.458					1.18 swings/s is an average at 0 stacks; every third input becomes an overhead strike and the combo input delay is 0.75s.	Unknown		proposed_weapon_spec	live_wiki_card+local_mechanics_row+proposed_spec	https://overwatch.fandom.com/wiki/Vendetta	2026-07-14	2026-05-26	2026-05-21	1.18 swings/s (average at 0 stacks)				0.75 seconds (combo input delay)	medium	match	0	Live Wiki card checked in Chrome on 2026-07-14; existing action/order retained.	
Venture	探奇	HERO_VENTURE	venture_smart_excavator	0	1	Primary	Smart Excavator	主/默认武器	single	not_explicitly_stated	1.67 shots/s	1.67	shots	shots_per_second	1 shot every 0.6 seconds	wiki_tooltip	600	600	600	1				600		600						ProjectileExplosive	ReleaseAfterDelay	existing_weapon_spec	live_wiki_card+existing_weaponspec	https://overwatch.fandom.com/wiki/Venture	2026-07-14	2026-05-26	2026-05-21	1.67 shots/s					high	match	0.2	Live Wiki card checked in Chrome on 2026-07-14; existing action/order retained.	165
Widowmaker	黑百合	HERO_WIDOWMAKER	widowmaker_widows_kiss_hip	0	1	Primary	Widow's Kiss	腰射	automatic	hold_repeats	10 shots/s	10.0	shots	rounds_per_second		derived_1000_over_rate	100	100	100	1				100								HitscanAuto	HoldWhileTracking	existing_weapon_spec	live_wiki_card+existing_weaponspec	https://overwatch.fandom.com/wiki/Widowmaker	2026-07-14	2026-05-26	2026-05-21	10 shots/s					high	match	0	Live Wiki card checked in Chrome on 2026-07-14; existing action/order retained.	103
Widowmaker	黑百合	HERO_WIDOWMAKER	widowmaker_widows_kiss_ads	2	2	Scoped/ADS	Widow's Kiss (ADS)	开镜/蓄力	passive_charge_single	hold_scope_then_press_primary	0.5 second recovery			charge_cycle_variants		wiki_rate_text	1400	500	1400	1				1400		500			0	900	0.9s charge while scoped plus 0.5s post-shot recovery; 0.32s scope-in/out is a stance transition, not shot cadence.	HitscanSingle	TapOnHitWindow	existing_weapon_spec	live_wiki_card+existing_weaponspec	https://overwatch.fandom.com/wiki/Widowmaker	2026-07-14	2026-05-26	2026-05-21	0.5 second recovery			0.9 seconds charging 0.32 seconds zoom in/out		medium	not_applicable		Live Wiki card checked in Chrome on 2026-07-14; existing action/order retained.	104
Winston	温斯顿	HERO_WINSTON	winston_tesla_cannon	0	1	Primary	Tesla Cannon	主火力	continuous_beam	hold_continuous				continuous_not_discrete		continuous_not_discrete				1												Beam	HoldWhileTracking	existing_weapon_spec	live_wiki_card+existing_weaponspec	https://overwatch.fandom.com/wiki/Winston	2026-07-14	2026-05-26	2026-05-21						high	not_applicable		Live Wiki card checked in Chrome on 2026-07-14; existing action/order retained.	101
Winston	温斯顿	HERO_WINSTON	winston_tesla_cannon_alt	1	2	Secondary	Tesla Cannon Alt Fire	副火力	charge_release	hold_to_charge_release				charge_cycle_variants		not_published	1600	1086	1600	1				1600		750			336	850	Minimum charge is ~0.336s; full charge 0.85s; published recovery is 0.75s.	Beam	HoldWhileTracking	existing_weapon_spec	live_wiki_card+existing_weaponspec	https://overwatch.fandom.com/wiki/Winston	2026-07-14	2026-05-26	2026-05-21				0.3 seconds (to min charge) 0.85 second (to full charge) 0.75 recovery		medium	not_applicable		Live Wiki card checked in Chrome on 2026-07-14; existing action/order retained.	102
Wrecking Ball	破坏球	HERO_WRECKINGBALL	wreckingball_quad_cannons	0	1	Primary	Quad Cannons	主/默认武器	automatic	hold_repeats	25 shots per second	25.0	shots	rounds_per_second	1 round per 0.032 seconds	wiki_tooltip	32	32	32	1				32			160					HitscanAuto	HoldWhileTracking	existing_weapon_spec	live_wiki_card+existing_weaponspec	https://overwatch.fandom.com/wiki/Wrecking_Ball	2026-07-14	2026-05-26	2026-05-21	25 shots per second					medium	source_conflict_or_multi_phase	20	Live Wiki card checked in Chrome on 2026-07-14; existing action/order retained.	141
Wuyang	无漾	HERO_WUYANG	wuyang_xuanwu_staff	0	1	Primary	Xuanwu Staff	主/默认武器	controllable_charge_single	press_fire_hold_to_steer_release_control	3 shots/s	3.0	shots	charge_cycle_variants	0.33s recovery	wiki_tooltip	630	330	630	1				630		330			0	300	Uncharged recovery is 0.33s; steering for 0.3s empowers the orb; control can continue up to 2.5s without changing the next-shot model.	ProjectileExplosive	ReleaseAfterDelay	existing_weapon_spec	live_wiki_card+existing_weaponspec	https://overwatch.fandom.com/wiki/Wuyang	2026-07-14	2026-05-26	2026-05-21	3 shots/s	1			0.3 seconds (charge time) 2.5 seconds (max control time)	medium	source_conflict_or_multi_phase	89	Live Wiki card checked in Chrome on 2026-07-14; existing action/order retained.	169
Zarya	查莉娅	HERO_ZARYA	zarya_particle_cannon	0	1	Primary	Particle Cannon	主火力	continuous_beam	hold_continuous				continuous_not_discrete		continuous_not_discrete				1												Beam	HoldWhileTracking	existing_weapon_spec	live_wiki_card+existing_weaponspec	https://overwatch.fandom.com/wiki/Zarya	2026-07-14	2026-05-26	2026-05-21						high	not_applicable		Live Wiki card checked in Chrome on 2026-07-14; existing action/order retained.	125
Zarya	查莉娅	HERO_ZARYA	zarya_particle_cannon_alt	1	2	Secondary	Particle Cannon Alt Fire	副火力	single	not_explicitly_stated	1 shot/s	1.0	shot	shots_per_second	0.992 s between shots	wiki_tooltip	992	992	992	1				992		992						ProjectileExplosive	ReleaseAfterDelay	existing_weapon_spec	live_wiki_card+existing_weaponspec	https://overwatch.fandom.com/wiki/Zarya	2026-07-14	2026-05-26	2026-05-21	1 shot/s			0.01 seconds 0.4 seconds recovery for primary		high	match	0.8	Live Wiki card checked in Chrome on 2026-07-14; existing action/order retained.	126
Zenyatta	禅雅塔	HERO_ZENYATTA	zenyatta_orb_of_destruction	0	1	Primary	Orb of Destruction	主火力	single	not_explicitly_stated	2.5 shots/s	2.5	shots	shots_per_second	1 shot every 0.4 seconds	wiki_tooltip	400	400	400	1				400		400						ProjectileSingle	ReleaseAfterDelay	existing_weapon_spec	live_wiki_card+existing_weaponspec	https://overwatch.fandom.com/wiki/Zenyatta	2026-07-14	2026-05-26	2026-05-21	2.5 shots/s					high	match	0	Live Wiki card checked in Chrome on 2026-07-14; existing action/order retained.	109
Zenyatta	禅雅塔	HERO_ZENYATTA	zenyatta_orb_of_destruction_alt	1	2	Secondary	Orb of Destruction Alt Fire	副火力	charged_sequential_volley	hold_to_charge_release	1 orb per 0.524 seconds (charging) 1 shot per 0.144 seconds (firing) 0.6 seconds recovery			charge_cycle_variants		wiki_rate_text	144	1124	3220	1	5	144	2644	3220	2620	600			524	2620	Up to 5 orbs; 0.524s charge per orb, 0.144s launch spacing, 0.6s recovery. Max-cycle composition follows the Wiki DPS denominator and is marked medium confidence.	ProjectileSingle	ReleaseAfterDelay	existing_weapon_spec	live_wiki_card+existing_weaponspec	https://overwatch.fandom.com/wiki/Zenyatta	2026-07-14	2026-05-26	2026-05-21	1 orb per 0.524 seconds (charging) 1 shot per 0.144 seconds (firing) 0.6 seconds recovery					medium	not_applicable		Live Wiki card checked in Chrome on 2026-07-14; existing action/order retained.	110
